0,0.01103284161457796,-0.0009344107377105004,-0.013771563972438283
1,0.010619260224601579,-0.002845951986516937,-0.014242376819525893
2,0.009894950842124661,-0.004656684490884633,-0.01462400931615404
2,0.00914306442072177,-0.006378229912565203,-0.014848728373490161
3,0.008668987434355069,-0.008159809232747062,-0.014965708438158254
5,0.008173963199624934,-0.009150878929122808,-0.015246918116426866
6,0.007640242140109055,-0.009585219231869502,-0.015494266324581507
7,0.006915523282329472,-0.01025571783819812,-0.015882982867708395
8,0.006766791659747362,-0.010328929863993697,-0.016723554424823428
9,0.007182410816879425,-0.009987146982747497,-0.017540292720109818
10,0.008634322962251306,-0.009207111516702504,-0.0183541625751934
11,0.00954587570108234,-0.0074452927968367,-0.01869774638310684
12,0.01048465117102415,-0.0050647291463810085,-0.018544511291370247
13,0.01125973980388384,-0.002413238209816093,-0.01837543966162558
14,0.01167529382952559,0.0009586534996990359,-0.018041434368354148
15,0.012454236949666297,0.004844787573624831,-0.017422160616311633
16,0.012505848546936482,0.008395425932638645,-0.01659742324410529
17,0.012360551553218246,0.011998788288962725,-0.01556626073939782
18,0.013448050039846726,0.014665920871477667,-0.01419961321138652
19,0.01397406315486982,0.015808162922192448,-0.012689918624525509
20,0.014634251918912655,0.016490210083618173,-0.012102129549255158
21,0.01664081361323999,0.01721622271004808,-0.011965406555610292
22,0.017278689840060424,0.016841030424105785,-0.012332511362870058
23,0.016912813915281655,0.016283219663094428,-0.012858992188652163
24,0.01677746666416724,0.015894188434711687,-0.013088062969533132
25,0.015065419475018271,0.013993054767329483,-0.013073250945873638
26,0.013237051164866842,0.011217391508217212,-0.012467643605998724
27,0.011970262515341834,0.009052116923649933,-0.01142923477251212
28,0.008864285053181709,0.005678973263590681,-0.010430954555570748
29,0.005633359335528554,0.0018035642623495107,-0.009884392416377508
30,0.0036004801719636825,-0.0006640357114870987,-0.00972770143146151
31,0.000506918871803208,-0.002997821360286146,-0.009593555991149416
32,-0.002093679855453834,-0.004471342618378671,-0.009417105749350063
33,-0.0037905347093447617,-0.003633971799046787,-0.009217173912157484
34,-0.00731770736205839,-0.003474643175250147,-0.009783804871692392
35,-0.010510486899436455,-0.0029615864072862763,-0.010753301355703071
36,-0.012347552170618559,-0.0014470978521452516,-0.011899312437000598
37,-0.014831492893253362,-0.0005212159576308828,-0.012845037897566636
38,-0.016579827379332723,0.0005576260455639748,-0.013364888318724177
39,-0.016451267548853177,0.003189684482109101,-0.013404403499924777
40,-0.016396352667107372,0.004711772956882854,-0.013223120352095274
41,-0.015477578278486781,0.00644068109044138,-0.01354105051529797
42,-0.01293391076282513,0.00878950245818988,-0.013363118310154687
43,-0.010876185872136734,0.009994852003455179,-0.01329994486361763
44,-0.008323667816443114,0.011505047066305174,-0.013106647377655434
45,-0.00446306019685061,0.013561477671178768,-0.013229657355229407
46,-0.0019464700103736798,0.014669759017341022,-0.013796981426365207
47,0.0011299323432027997,0.016227028148794176,-0.014002613823005161
48,0.005039025117596518,0.018672712285614956,-0.013690016819710604
49,0.00796654814001907,0.01995997676697625,-0.013300151491035805
50,0.009846606469682384,0.019934619964384392,-0.012422664739418332
51,0.011983623940501287,0.02002173030580634,-0.011237705884819649
52,0.011866564332881024,0.01905603326029759,-0.01011410994235351
53,0.01092159625897704,0.01735613921378798,-0.009348800486892461
54,0.010255103707498714,0.015407077215950693,-0.008348973853898545
55,0.007904578114119598,0.011410022187184676,-0.007461257620667294
56,0.005271054604866654,0.006800353372530044,-0.006693279084135195
57,0.0033436823854303688,0.00237749811929433,-0.006506808299745592
58,9.12852350953286e-05,-0.0024820698029270893,-0.006176778576769459
59,-0.002719354819994385,-0.006658997251208554,-0.005393049921171178
60,-0.004555560978256212,-0.009453015881882187,-0.0051439186389766745
61,-0.007318411766335187,-0.011878767536106505,-0.005065422886803339
62,-0.009633724298333368,-0.013172173661790687,-0.005716521138370179
63,-0.010858349277827445,-0.012823309005692618,-0.006275565078306955
64,-0.012327488774412754,-0.011416236194180307,-0.006909740055221603
65,-0.013280189643991414,-0.009380649542939157,-0.008031935025271775
66,-0.013005138795455035,-0.006591670937688754,-0.008799982502275094
67,-0.012685146811301229,-0.0034828478734429957,-0.009833395650226784
68,-0.011665056305262836,-0.0005273165614188002,-0.010634114170140485
69,-0.010056556054398896,0.0014215275388580473,-0.010965552058813444
70,-0.008695486931842591,0.0031484415135314414,-0.011058312861878528
71,-0.007372358375889856,0.004127834270335917,-0.010639038765669517
72,-0.005655870874610627,0.004185130785820501,-0.010364131888071726
73,-0.004422992094586881,0.003684277651833767,-0.010137375625296818
74,-0.0026514005790903156,0.003269657555807992,-0.009562767064334343
75,5.7149863154956626e-05,0.002330549070301835,-0.00937091946608537
76,0.00258787241465927,0.0009244639150578493,-0.00981722313650546
77,0.004710087653468462,-0.0009867047946596763,-0.009894770945590659
78,0.0065721727836123775,-0.0033610188994712686,-0.009846371157262612
79,0.00733414084045644,-0.005786041824940913,-0.010179376391356021
80,0.007042862600674014,-0.008376164970965938,-0.010477273701535283
81,0.007225442572395836,-0.010934236717783818,-0.01053361159697952
82,0.007509200394761952,-0.012529822951154124,-0.010883315170275187
83,0.007579887563450079,-0.013796545498595325,-0.01167144261783204
84,0.008201279791005696,-0.014277685409963325,-0.012291046845413822
85,0.008448332129187577,-0.014169560140806503,-0.012732291311774668
86,0.00937134331556563,-0.014152817631920112,-0.012793211177855368
86,0.0012084091270563174,-0.01144234307712555,-0.013014903078429563
88,0.010852966786511542,-0.015006039479141808,-0.011246201213704898
89,0.010516380626806057,-0.01467967280890381,-0.009839618973515707
90,0.010917081203519474,-0.014339684170582512,-0.00839128845172099
91,0.009844762281427416,-0.014137912082644366,-0.007649388675255331
92,0.008923817380317153,-0.014036050611296869,-0.007556964338117478
93,0.009161377708787707,-0.013742815553504428,-0.007999006657392727
94,0.009453621048381017,-0.013020013833610733,-0.008267879078699858
95,0.010227338069861924,-0.012741394209263568,-0.008479334670255856
96,0.011720123550631567,-0.01256269352817041,-0.008280763580519768
97,0.012359077764056203,-0.011989024882702815,-0.008248082371777432
98,0.012703186143589479,-0.011223002886227906,-0.008371156234120436
99,0.013016347641958054,-0.010634453406247246,-0.008717402720038736
100,0.012042286774346489,-0.009573325521794906,-0.00974557627769923
101,0.010774791294893893,-0.009130452911518816,-0.010439202789740865
101,-0.002298724888754572,-0.008583188718966905,-0.010755357088516826
103,0.009542342264489995,-0.008651736672238286,-0.011135267707694352
104,0.008268501756048374,-0.00870379170528679,-0.01190007796307313
105,0.007964614893729544,-0.00886248087042052,-0.012397848507891496
106,0.006829704481328414,-0.009481354100417505,-0.012636001914563044
107,0.006188545660708422,-0.009807275116847869,-0.01236581541713111
108,0.0063759255641523405,-0.010184973285853882,-0.012082625746577591
109,0.005645637326747388,-0.010780762263497223,-0.011734859750998305
110,0.005147664476073288,-0.011087465090197757,-0.011355512520520694
111,0.0054315081664912945,-0.010979320312101581,-0.011118826822559269
112,0.00518450416574795,-0.010753717005612451,-0.0110220772084213
113,0.004869633211780966,-0.010014520920285097,-0.010965888139545577
114,0.005222553693741694,-0.009169669582177242,-0.010543264910489958
115,0.004806480919714418,-0.008269268963879028,-0.009588383741809814
116,0.0044608477358469845,-0.006684858063334076,-0.008958981678336198
116,-0.010272740245266865,-0.006862308758017743,-0.007755603584649551
118,0.006405426646759083,-0.00284103851457429,-0.007517915434991362
119,0.007229818698036072,-0.0016106333407863715,-0.007289437416581723
120,0.009302826939932729,-0.0010458099606474036,-0.007265762749820492
121,0.010288721538568135,-0.0011698944363227604,-0.007310698794682269
122,0.011287099294269853,-0.0012619504707749307,-0.007118013710870508
123,0.01348504753953006,-0.0013535125150196947,-0.0071699477985212035
124,0.014390304604506632,-0.0019418188463995456,-0.006751078679451905
124,-0.0011536115982667683,-0.004404226447742854,-0.005526941288547138
125,-0.0006984745473744836,-0.004686528450166261,-0.005100138985224434
126,-0.0008859654493739155,-0.0058277680740284055,-0.004240070117906614
127,-0.001047774144386171,-0.006788035749656807,-0.003743222005592628
129,0.015242528745519124,-0.005312422823535723,-0.004368445311334512
130,0.01448879686658211,-0.004366381246645901,-0.005044573945296449
131,0.013829972581500538,-0.0032494655764092606,-0.005637125532084286
132,0.013682093174019472,-0.0012881820212999884,-0.00621445214514027
133,0.012809384877412566,0.0009269419183173255,-0.006134732747273608
134,0.012454559477673821,0.002476366218672421,-0.005988463622406459
135,0.012977500809078446,0.003503155963398452,-0.006026851405778855
136,0.01276245920563679,0.0041333848491489356,-0.005984965402285103
137,0.013173429072489085,0.004561922011785402,-0.006381700424839654
138,0.014239397662347941,0.004650528417635247,-0.006855202336554123
139,0.01408628979174198,0.004723270014202807,-0.006863232442235856
140,0.013736474926609121,0.004651598583410355,-0.006899031839710301
141,0.013489069566232414,0.004164326090494441,-0.007628455186135863
142,0.011656132933958618,0.0032252608812015637,-0.008192188163217429
143,0.009313379783551512,0.003004015217541234,-0.008752556805782463
144,0.007617363434338276,0.0028192731658935877,-0.008572332588975384
145,0.004609951898354114,0.00248163986251404,-0.008885104437458158
146,0.0015454698670299694,0.002416701425556056,-0.00978713642020601
147,-0.00011007402337037675,0.00321963717134377,-0.01081435796033181
148,-0.0023686805534942623,0.004555088145352659,-0.011218122242004025
149,-0.004497974841257912,0.005941887380102262,-0.01110936582858324
150,-0.005163028329039809,0.006752609226319706,-0.010520472778262735
151,-0.005703456677521146,0.007354808383140288,-0.009880279582668017
152,-0.005653119788863958,0.00795138004266116,-0.00978912293933698
153,-0.017315397338562244,0.010815610944605591,-0.010526666865298573
154,-0.02919993961534184,0.01366722741522386,-0.010970844296000815
155,-0.04023013724837177,0.016136827072546822,-0.01115993409853222
156,-0.04911743689416437,0.017357382791503895,-0.01114056461958568
157,-0.056536866124790364,0.01831957753510771,-0.010736519471915562
158,-0.061878324731023615,0.019282609464659206,-0.009766392996101159
159,-0.064837499594524,0.019882809898419396,-0.008688101821988203
160,-0.06569720595164674,0.020427311516646007,-0.00788898256141457
161,-0.0646685157089878,0.021356123779497693,-0.007051146041689771
162,-0.06172394708619444,0.022307675365373925,-0.006637068854616235
163,-0.057089895581462824,0.02307180422777888,-0.006254941471738773
164,-0.05070233181909467,0.02271981999900463,-0.0056153644834235905
165,-0.04370825834141623,0.022175501334859238,-0.005469152983590186
166,-0.03576192585257332,0.020636685438331526,-0.005645798409544378
167,-0.02687553595497505,0.018991453189312946,-0.004997558646560707
168,-0.018072919472496785,0.018358108670748052,-0.004440887529340021
169,-0.00933009081575753,0.017145762521272534,-0.0036331314989359598
170,-0.0014958416050085965,0.016146178351397644,-0.0025610481350890613
171,0.0051138238469552455,0.01636063203324678,-0.0016484795305782285
172,0.010177086764291743,0.016318709257037156,-0.000961057727081327
173,0.014169088984817613,0.016846253639072106,-0.00027613551200555975
174,0.01746929859695001,0.018284568137316715,-0.00010708152516025748
175,0.018993850474844698,0.019041745203979055,0.00012052010080187969
176,0.019122569469377848,0.019616189981756627,0.00017019281167662825
177,0.01900296463768536,0.021525337608816475,0.0007021867138756743
178,0.018024672398114006,0.021596796832354048,0.0012440486560947317
179,0.01609069961106202,0.021381196763283317,0.001505393253695697
180,0.014182428530801205,0.021674991990001224,0.0013956727810073843
181,0.011222072480197909,0.019839230037687283,0.0011381417333129473
182,0.008489089004846129,0.01804930743792088,0.0011410751642391137
183,0.00638082075152302,0.017521946631988694,0.0012167358942603013
184,0.0039063037164335235,0.015408607023045917,0.0005758592943292395
185,0.0012572086490565404,0.013774115367925166,-0.0002671675319403377
186,-0.00031580891573512737,0.013326172980546058,-0.0007002325306164625
187,-0.0017072592924076702,0.011588032138895255,-0.0017423887457899134
188,-0.003178862214412881,0.010199202497023663,-0.00228787699301769
189,-0.0034069791042092845,0.009946889089332611,-0.00225588627694151
190,-0.0032538360762928153,0.009212927305350949,-0.0024979287947037854
191,-0.0025106955115983265,0.008970472707459098,-0.002361973904166259
192,-0.0015713612740522187,0.010211667245446865,-0.0023485322567069478
193,-0.0007774832611451288,0.010399056455116407,-0.002906901768859438
194,3.5822073954028255e-05,0.010561197223194485,-0.0032265002313958124
195,0.0011236101142941823,0.011540900968307843,-0.003706211893672373
196,0.0018049374884518965,0.011677258944833735,-0.00442087411192893
197,0.0022607266289196293,0.01159238337941848,-0.004475572125652416
198,0.0023572135892491186,0.01286901562085907,-0.004349493200561216
199,0.002562328836371197,0.013163659396591365,-0.0035753574746255623
200,0.002771452019518783,0.012965856135455534,-0.0029575069182306013
201,0.0036364076274266743,0.013045484693950726,-0.003344842850908858
202,0.004598407174357888,0.011964269240830827,-0.004151726033860603
203,0.005877059040839683,0.010798158579022221,-0.00527860862164542
204,0.007121925539904872,0.010437403068282336,-0.006404352363245991
205,0.007944633197630724,0.009577024677514645,-0.007352904850228548
206,0.008454975092312855,0.008684488402644241,-0.007801669787462773
207,0.009125874853575189,0.008135265234096023,-0.007947190384607561
208,0.009523966370518666,0.006571224475699244,-0.008367917691927795
209,0.00969724628008195,0.005545447935025871,-0.008504813454034199
210,0.009449035351996038,0.005278593290795719,-0.008221216539642251
211,0.009094482182556485,0.0040055117147626,-0.00797400235351775
212,0.008888951899188369,0.002737229761104132,-0.008513531520700113
213,0.00879059137800442,0.0025497190945797943,-0.00901260392941361
214,0.008627009422761844,0.001623689164067743,-0.008791169018749878
215,0.008740188823423534,0.0009763561386637587,-0.008602053981995983
216,0.008948049761432708,0.0014785849884915159,-0.00830669650702398
217,0.008696034254560336,0.0013110387573929128,-0.008703497168368823
218,0.007850141107030861,0.0013544743771745082,-0.00860396699209609
219,0.006596421788421347,0.0020864705771090897,-0.00776210171949443
220,0.004808245395850896,0.0025510878932863967,-0.006597208481241568
221,0.003638916906210987,0.003107935669383277,-0.005729622221153585
222,0.0027824792713249114,0.004611291255903094,-0.005588562300752553
223,0.001761184640181268,0.005695500915159579,-0.005195717313674075
224,0.0007748170424894951,0.006616966479154884,-0.004630087503628477
225,8.767845343937708e-05,0.007863876560279426,-0.0047873130093449845
226,-0.00018342576860841397,0.00806671989075114,-0.005076978909179797
227,-4.559557057137731e-05,0.008003526381429316,-0.005465512223425062
228,0.00040817041185592373,0.009326397264290964,-0.005795336768523729
229,0.0009525234492953061,0.010474008088879438,-0.006395814281368706
230,0.0012084967590793028,0.01224716408673232,-0.007237010919578957
231,0.0008948020936088152,0.015105687561326464,-0.008503547210976903
232,0.00017380112383036384,0.01765616459407271,-0.009513671579585381
233,-0.00047313788427860715,0.019924305852432767,-0.010015814360421205
234,-0.0008053687342906013,0.022366556809106708,-0.010247813935930328
235,-0.0010864271541595194,0.02412172356747666,-0.010199445313980204
236,-0.0007494742646372288,0.024701133055047952,-0.00985308121236872
237,9.749219313825996e-05,0.02532199526300638,-0.009638066450864624
238,0.0009938190980860462,0.024545170888545798,-0.00904271735900597
239,0.0024437348190826658,0.022994618185842253,-0.008039825752292229
240,0.004066127356955995,0.02205051768651578,-0.0073860690612241875
241,0.005597862707124479,0.019689156835438038,-0.006852737078359095
242,0.006841301445222658,0.01710927814004437,-0.006430340512624033
243,0.00809254785762148,0.014983594947497236,-0.006513419617655947
244,0.008371322986588492,0.011995029730234252,-0.006770677401971126
245,0.00839664543998997,0.008501449280864826,-0.006889181658510601
246,0.00855624088693241,0.006237848684571556,-0.007268828156164364
247,0.008560091307219464,0.0037593925827177355,-0.007986549233736095
248,0.008120230396636563,0.002109442153255925,-0.008774547806215338
249,0.006969179760639488,0.0014608472867576605,-0.008835734036671594
250,0.005839329097411028,-7.600983837674491e-05,-0.008790341866560025
251,0.004711793050822033,-0.001938792150657287,-0.00941327895669386
252,0.004301172903539596,-0.002446307308914708,-0.009588750882193242
253,0.005051696541611417,-0.0027021163184721697,-0.00925607077372348
254,0.006284497323066018,-0.00209248721846067,-0.008979589156062673
255,0.007199843687000218,-0.000439702950244536,-0.008830224432427647
256,0.008288782620886614,0.0008022436528347665,-0.008121238100385453
257,0.008869788610481155,0.0022707992386317155,-0.00783268331710052
258,0.00935085560047022,0.0046591112290461645,-0.008485657001943592
259,0.008745949911663775,0.006576823227700812,-0.009155365673464644
260,0.0071020316335654865,0.00845251052690199,-0.009514324238606875
261,0.0052361032695082965,0.011332992703305456,-0.009156366876242439
262,0.0033333785733384858,0.013287847960371968,-0.008443825216669643
263,0.00209721612439151,0.015155044960920128,-0.007858864108388985
264,0.0012562871368000383,0.0175854197766121,-0.007956978770577439
265,0.000769404020364961,0.018304708198074726,-0.008057612575245399
266,0.0004443783036491844,0.01805448859514791,-0.008411853220166687
267,0.00022255342353783014,0.01809502001827301,-0.008413718447258689
268,0.0003343576839178741,0.016679510914689,-0.008224596700666997
269,0.00038888661804836744,0.015095333712755288,-0.00794009923940564
270,0.0005703944957353713,0.014276476530381554,-0.007902939363435335
271,0.0014312378903451606,0.012176538731905606,-0.007427507292797952
272,0.0022089345777736025,0.010095729092145622,-0.007049873033349252
273,0.0018947399271886933,0.009279425069028568,-0.007105774969997758
274,0.0015772615059370665,0.007934253977491368,-0.007497746441889497
275,0.00086783912808297,0.006201548365850518,-0.007913326970154455
276,-0.00014773615962582198,0.005842354919794235,-0.007825327016972583
277,-0.0010395199196708838,0.005043891876484019,-0.007476596345214803
278,-0.0014463560162525368,0.0050490287761095765,-0.0070219168751674
278,0.004258831388729956,-0.006632273221842122,-0.006134388820496883
280,-0.0023238063363226757,0.006111499349558791,-0.005330384343871897
281,-0.0025300513448747175,0.0061928599951553975,-0.004400405416709607
282,-0.0030758956045520147,0.007133670237012613,-0.0033342337968272906
283,-0.003189928794588015,0.007211547422985021,-0.0025442807248818866
284,-0.004063237771201322,0.007180972510114514,-0.0019117386390368196
285,-0.005879415579805203,0.007735783115742301,-0.0020502639867330252
286,-0.006962677182088761,0.007990420518260377,-0.0024215441077467537
287,-0.007096564606701383,0.007982074036083198,-0.002526027522439578
288,-0.006893752116224228,0.008325985607580466,-0.002344045266317707
289,-0.005924558612626196,0.007863937181159075,-0.0023553465462599066
290,-0.005370505324676422,0.007699979674317015,-0.0027401031713556456
291,-0.005503775328923766,0.00818809421058242,-0.0035534493141584633
292,-0.005051448212535892,0.00753862114561632,-0.004599094981015184
293,-0.004405801263256737,0.007140491916115543,-0.005316207785592719
293,0.005810188119600657,-0.004102622242488696,-0.007380532079366842
295,-0.004337884236414236,0.008358491202382967,-0.005756529733266458
296,-0.003917750482294147,0.008977668486409462,-0.005562727684427227
297,-0.00370900727595036,0.00979854269591085,-0.005006990846717185
298,-0.0030057066343750494,0.009600697188014373,-0.004659450580469793
299,-0.002243708722215687,0.009882534841069823,-0.004799432968074058
300,0.023283288879782482,-0.016543232434380273,-0.00956941245143339
301,0.03500207219093432,-0.02799212931602202,-0.011669836671253098
302,0.04620159768041365,-0.039615171064732446,-0.013169121403801443
303,0.05557368379110772,-0.050271936354455926,-0.014388685772304566
304,0.06366182322462954,-0.059981952046669895,-0.01516926372326699
305,0.06937268217162673,-0.06798925331804562,-0.015721208244213303
306,0.07183709116748005,-0.07376097971281836,-0.01560643416319496
307,0.07229326540813896,-0.07716597201615183,-0.014956044262922186
308,0.07020933711421751,-0.07771355443821659,-0.013837125647142345
308,0.06617480802853348,-0.07653246029449756,-0.012351803714446774
310,0.06081367602275778,-0.0712251167032627,-0.011658376238132595
311,0.05455904338276785,-0.06484446992904735,-0.011447060222170569
312,0.04768916226183684,-0.05698140773112259,-0.01135200871744857
313,0.04032687086146647,-0.0478226895464503,-0.01135384573856002
314,0.032810484149867425,-0.03869603470957206,-0.011183962263843883
315,0.02584052688039662,-0.02962910884064407,-0.010780970209839147
316,0.018913911244630266,-0.020530322664758405,-0.01035850538798
317,0.012790332530990267,-0.011807812234550408,-0.009907444332442727
318,0.007649685370389014,-0.003592467241291475,-0.009154159365808212
319,0.0029997568544669617,0.003888358643666323,-0.008688036838476965
320,-0.00038674751647571615,0.010520926219433568,-0.008047598372203701
321,-0.0022305793902798188,0.01651046918240906,-0.0069612193733421535
322,-0.002800427367897318,0.02047152667512242,-0.0055829399493603216
323,-0.002904039210417264,0.022513235003286558,-0.0038924772234711913
323,-0.0002779199750692074,0.006672278395907727,-0.0023976040320878855
325,-0.0025977772344681904,0.023427187050925224,-0.0018268265915409865
326,-0.002353764110534229,0.020671897639836734,-0.0010416668421059372
327,-0.0023549817565164943,0.018947539784289757,-0.0007162359921306649
328,-0.0016515051151568816,0.016421759117164814,-0.00026962030937793813
329,-0.001223935125481579,0.013409670628429182,0.000310773935481512
330,-0.0010975146150750126,0.011719250536388615,0.0010011540427457
331,-0.0008417215304994397,0.008745358360548905,0.0015275878957078382
332,0.0002191499516160933,0.00528989253458062,0.001985488714756456
333,0.0015895140717587797,0.0034366848908263248,0.002054594176698732
334,0.0030137565113581566,0.0008905221314088885,0.001796127234147571
335,0.004190510057269781,-0.0005632642284475742,0.0017971629784450105
336,0.005194800099975638,-0.00015240379916911517,0.0017404947325185827
337,0.0065010623388372935,-0.00040966766068131766,0.0016634043669445653
338,0.007658146973264168,-0.00023060058433740926,0.0013829387769654922
338,0.014635709166372357,-0.01894257714872588,0.00047075077255509523
340,0.008097147464920962,0.00246473655856172,-7.277086894674767e-05
341,0.007520589439600434,0.0036345181287834594,-0.0006541028205007127
342,0.006547821090383099,0.006116012416899352,-0.0007583538561779513
343,0.005451025955611644,0.00886787927399782,-0.001168502826133233
344,0.003860327817641007,0.012228028041076436,-0.002117559081226572
345,0.002407099225480991,0.016587846780743362,-0.003165844490499836
346,0.001555870850024177,0.020400229802400666,-0.004215261355587252
347,0.0005766932806628988,0.024064684254703293,-0.004927751398448699
348,-0.0005992838461251759,0.02822743488070417,-0.005326062361753703
349,-0.0015169176640690285,0.030544558940862575,-0.005671534125915922
350,-0.0026948738381792348,0.031741767563142995,-0.005591764920002129
351,-0.004003806021723788,0.03257453157271117,-0.005730907704432742
352,-0.004253891158042533,0.031087309916398385,-0.005817486684419837
353,-0.00433417202955988,0.028551690853375493,-0.0059150548455724206
353,0.0017395003150123545,0.010920440512017265,-0.0061499042967658735
355,-0.004129047561733823,0.023000455462191607,-0.005726168707606449
356,-0.0032048986630284215,0.019918057249898355,-0.005464934867170035
357,-0.0031780257151595714,0.017823574669963788,-0.005365495942363019
358,-0.002770794475182914,0.014505902679367133,-0.006056746776143207
359,-0.0027728741930727052,0.011283055216628007,-0.007083412594148575
360,-0.003777082039747026,0.010282711878324802,-0.007606873500735745
360,0.0013078907943983031,-0.0065340656564212285,-0.008301910570710058
362,-0.0050024323773940615,0.006951329745150142,-0.008178924638170937
363,-0.005109397367506485,0.006448586759395775,-0.00783468468595272
364,-0.004874704966593479,0.006183917584206,-0.007614827811713409
365,-0.005031664320113816,0.006941491447928105,-0.008059041330866101
366,-0.005289142369185207,0.007622147666577428,-0.008301254901730726
367,-0.005859872995063409,0.009452248330007573,-0.007770466174970236
368,-0.006511837535200016,0.010472930167460148,-0.007200768075960928
369,-0.007401318394710477,0.012172807862139146,-0.007331904562029923
369,-0.0013698532890662474,-0.0005493711939859591,-0.007495893097900552
371,-0.007775951697384542,0.012791801873288045,-0.007891325140591432
371,-0.0005445268575805517,0.0014483976880042548,-0.0075552634001225805
373,-0.007526986066549002,0.015040193740061325,-0.007287305624033458
373,-0.00018144426406185854,0.004807087528979126,-0.006817370579659698
375,-0.008071713295779714,0.017265049537765698,-0.007457929455713552
375,-0.00026276985535444997,0.006982238554474773,-0.007247045273888197
377,-0.00795452216763104,0.016208864301399728,-0.00723766340152987
378,-0.008160655379472415,0.01601837087678215,-0.007114405939529833
379,-0.00847487091803889,0.015278954783343124,-0.006817441456095974
380,-0.008755236817644674,0.014140244514894762,-0.006949671871586016
381,-0.008725202978777657,0.012386544987348702,-0.006566083833885461
382,-0.008760300492260842,0.011260850221047114,-0.006023698554262769
383,-0.008602768023816987,0.009910568629497685,-0.005765930829404242
384,-0.009263052160487395,0.008623389191365849,-0.005691348930029205
384,0.0002746351296619709,0.0019505645813357453,-0.005586690662673144
386,-0.009634112596828115,0.006529049107631579,-0.006196737812336206
386,0.00030234981959165186,0.001192414686000176,-0.005634043325227545
388,-0.010788512706370934,0.00620469861915085,-0.006238048184224798
388,-8.50843316689831e-05,0.0015397600860357907,-0.005467783209363031
390,-0.010289843181093439,0.005881039676377153,-0.005294284885122735
390,0.0021035346802080745,0.000437955659114142,-0.004351449875753977
392,-0.007412848862741406,0.003282398136974396,-0.004558712394939102
393,-0.006814499781251482,0.0026502828746121088,-0.004498608584918351
394,-0.004621564347518647,0.001655841562962057,-0.0044020657630695625
395,-0.0029669108442678116,0.0013305165314267953,-0.0047511745584443155
396,-0.0016677742745171975,0.0014189341569225133,-0.0049736920483935965
397,-0.0012006991122441302,0.0017337885110283446,-0.005116226164190052
398,-0.00022324342457269442,0.002565934649874535,-0.005272020251495868
399,-0.0007103146471983401,0.003348991487703512,-0.0052626081732680685
400,-0.0007240860744797128,0.0043677859296695765,-0.005118600246426852
401,-0.001367037941465865,0.005149490910126953,-0.004578600387828424
402,-0.002787484540164642,0.005836453341005687,-0.0039974812244051305
403,-0.004738043431276817,0.006997527800534864,-0.0038703546405086664
404,-0.0061833868318735274,0.008031688308303586,-0.0034830350687447
405,-0.008076051207460633,0.008900702778141367,-0.003354853127842672
406,-0.009444974388981509,0.009392093697140336,-0.0034682474525890017
407,-0.010028020275417715,0.009982369437497085,-0.0034791567538356993
408,-0.011328972829006967,0.01000352082201339,-0.0031716846127194387
409,-0.012547587120803338,0.00922790712016952,-0.0021819192398758736
410,-0.013359781746007077,0.008369328072636129,-0.0018259593718947809
411,-0.013274118901431209,0.007497990225072471,-0.001472410827420667
412,-0.01377852284535272,0.006061572161478068,-0.0012432818852827765
413,-0.013465325559184949,0.004480157800627271,-0.0003973292955932184
414,-0.01408197624130339,0.0027934980903934203,7.404908721564407e-05
415,-0.01327285975643508,0.0015850699128650003,3.95777942348019e-05
416,-0.012454108988152413,0.00035421125110968177,7.567301216804267e-05
417,-0.011203297395405515,-0.0011118769145435081,-0.0003789738345496563
418,-0.011120363929622984,-0.0021182529349002,-0.0008143093184725947
419,-0.010651754466868196,-0.002878225941539747,-0.0013040804409040208
420,-0.011469910324363175,-0.0034541223487664086,-0.0020196593985338795
421,-0.011214564021035225,-0.003725957782893974,-0.0031386714054103537
422,-0.010080352809130097,-0.00393624828549588,-0.004236905003652036
423,-0.009618204951691967,-0.004389342667603602,-0.005303816216238211
424,-0.008490679046135388,-0.004429259881323144,-0.005793270860597
425,-0.007858733460379522,-0.004089999471690531,-0.006086362140073631
426,-0.007332940461110363,-0.003539306032166012,-0.006141120182745263
427,-0.007753787209968762,-0.0030076133909349156,-0.00587000601223342
428,-0.00785000909981396,-0.002503786302743116,-0.005884559480144658
429,-0.008518331785714282,-0.0015965032957883096,-0.0062119342531279376
430,-0.007902929203604372,-0.0007841781975635453,-0.006600546722427936
431,-0.007554828003108388,-0.0009110338712962629,-0.006800509934675292
432,-0.007106910736367156,-0.0012862296977588783,-0.006530987607990868
433,-0.007354775135098704,-0.0019643045658298552,-0.006003981265784164
434,-0.006705164619936754,-0.0026464344498938197,-0.005326622031923023
435,-0.006765457369358879,-0.0032750537987837336,-0.004636348156797032
436,-0.005537129205708341,-0.0032196908732864404,-0.004345526401984712
437,-0.004209334298484163,-0.002358270296509146,-0.004103492472631309
438,-0.004144352673818824,-0.0019019727616898519,-0.004170244346753504
439,-0.0029910982243673556,-0.0009496446531866432,-0.0039867385784135845
440,-0.0022412183340027314,0.0002537835348990214,-0.0034336403934771553
441,-0.001915407529692742,0.001027572195939297,-0.002737913167921713
442,-0.0023701522281878995,0.0017112384015587345,-0.0026262137736856594
443,-0.0017135952808414456,0.0015816312434402957,-0.002663541746387832
444,-0.002073944753688828,0.0013502969038812762,-0.0026678601101943755
445,-0.0022795219762398178,0.0016893153209432965,-0.0024633835171885554
446,-0.0030555984878941067,0.002368200527879394,-0.002926501468567544
447,-0.0038797881490318376,0.0034068408475654843,-0.00375561363238619
448,-0.005447735639307838,0.004418937762284081,-0.004534147978255243
449,-0.007000136060689055,0.005505788510617504,-0.005403772839812637
450,-0.009854522826760415,0.006072563116602925,-0.006030512122200404
451,-0.012029174291258715,0.006437278363278676,-0.006423817692604583
452,-0.013774865280388349,0.0063628347856725664,-0.0072663967621970915
453,-0.015224872506377551,0.00690591610472413,-0.008247219724557775
454,-0.015358619308380839,0.007903010137570332,-0.00872662780848521
455,-0.015428622029814099,0.008540187482989958,-0.008977095115586309
456,-0.015404744130072756,0.009578715483432476,-0.008833196455572345
457,-0.015523900657702983,0.010581164261350695,-0.008629251261401238
458,-0.014236512002764878,0.011566053051692504,-0.00823523343014465
459,0.006011575558947324,0.007739962089119701,-0.007321901900604333
460,0.020485362410393504,0.0050544204764227385,-0.0058930424696770345
461,0.03433995855524902,0.0020117340371542114,-0.0045317181212753965
462,0.04770695673387165,-0.00028790647520327006,-0.0038819707583643837
463,0.05959816556340469,-0.0024982844804444237,-0.003930565945772235
464,0.07002878997164025,-0.0047421964628751034,-0.004134652138772399
465,0.07728352022585144,-0.00673255227164804,-0.004152796330975095
466,0.08191169614364235,-0.008824729563650213,-0.0037648554676967816
467,0.0828545494583795,-0.01008933236862819,-0.0033178497375772054
468,0.08160445700527053,-0.010310924209067207,-0.003478268792282413
469,0.07763435665935436,-0.009689937533869375,-0.003441774557402355
470,0.07158473423791939,-0.008286794089546468,-0.0034295476267939273
471,0.0636791155837656,-0.006504624197605002,-0.0035353107600875067
472,0.054796416061756004,-0.0037807037239988572,-0.003812830134847678
473,0.04492339173861015,-0.0013473302668285392,-0.003922112827609903
474,0.03547740927346976,0.0011124054587526855,-0.0042857190052957295
475,0.026015322803325414,0.0030707894301278404,-0.0049025862667002595
476,0.01682972557643725,0.004702796082396099,-0.004974227873464687
477,0.008302449982475757,0.00634466623775809,-0.005072892276187679
478,0.0008853708456816323,0.008778033096131121,-0.004510096373869121
479,-0.005024901986117991,0.009842782187224564,-0.0037254180805762482
480,-0.0090238218009982,0.012069404792314331,-0.0033740272364947144
481,-0.011743638800727763,0.012459592889850657,-0.003451796544024277
482,-0.013984807675083366,0.012519027167747998,-0.003839360403595893
483,-0.016007790658413845,0.01341552732069684,-0.003784564835343507
484,-0.017810881231140108,0.01281734545641866,-0.004001445440227069
485,-0.01822616898456858,0.011709508272305547,-0.004096377946835483
486,-0.017340408640669158,0.010900039178812437,-0.004044253856676838
487,-0.01571958339465307,0.011756238931998952,-0.0039515712024785765
488,-0.01331888509195317,0.011698053003672548,-0.0041369433262673505
489,-0.011639740994525916,0.013700627751693784,-0.004673007305188048
490,-0.010108560564035085,0.0138533358076256,-0.005014188433192457
491,-0.008422851539601095,0.013637182145798898,-0.0053085572249321755
492,-0.007187683181906657,0.013358547146740674,-0.006065571630421429
493,-0.00609311993858852,0.014139194272159261,-0.006492774414682989
494,-0.005370862761420736,0.013374501828180674,-0.006557376213901955
495,-0.004909242435202743,0.013487786649609257,-0.0066254547540517406
496,-0.00474022743002811,0.01216431565657805,-0.0074647603556715625
497,-0.005078814398243758,0.01097168529299497,-0.007797866154475974
498,-0.005394002472790982,0.010695111708708183,-0.00767927073465946
499,-0.0056475627439048215,0.009132610108833816,-0.007618455533716095
500,-0.005997188935150832,0.0071986063135274225,-0.00757159929500173
501,-0.006393099937883395,0.005835130159561608,-0.00689613066637107
502,-0.006391318340270957,0.006098193406499197,-0.006039554895976185
503,-0.005940480953981864,0.0054875400496507964,-0.0053097391290228835
504,-0.005047417879370519,0.005578849970130584,-0.004684193585652974
505,-0.004569091034193229,0.00426298567064487,-0.004180798520263318
506,-0.0042301338985800685,0.0027752438243588973,-0.0034834392664786495
507,-0.004073605581794704,0.0013753342200122365,-0.002635610711219538
508,-0.003954662473942716,0.0010885416534369696,-0.0018277158288466655
509,-0.004747580357376435,-0.00045958792649036795,-0.0011489694635351544
510,-0.005511541961774613,-0.00031937153981953514,-0.0008542092724130868
511,-0.006757090252699327,-0.0001566867073725664,-0.001138448596956776
512,-0.008122470262697135,0.0009637576759824462,-0.0010572008697333768
513,-0.009232448501997115,0.003295947121049192,-0.0013733472770127708
514,-0.00979968961430805,0.004627541721828665,-0.002301518265133806
515,-0.010481739070375196,0.005619320248630988,-0.0034130668590355295
516,-0.011432329346117598,0.006893404454139773,-0.004189039501022895
517,-0.011970265052959561,0.00900927201846935,-0.004211154189319277
518,-0.01215674340584938,0.009509471968359051,-0.003805233749391679
519,-0.011379103945195423,0.009980766357258863,-0.0033933530375132026
520,-0.0104478243500839,0.009733516286940747,-0.0029517404138690306
521,-0.009226280284824084,0.009445499697634752,-0.0020591097076156917
522,-0.008340704746146843,0.008745989041901936,-0.0017285871836396627
523,-0.008083145005351677,0.008516503091301697,-0.0018958070061065868
524,-0.0077326860358933325,0.007417390113999334,-0.0021150974695096636
525,-0.007826919246158692,0.007041301056660343,-0.0027100947942446663
526,-0.007785333453164511,0.005818913681112647,-0.0032639173962449863
527,-0.007171561501500834,0.00480210352284538,-0.0040130773158078
528,-0.006194170560936019,0.004761585588909378,-0.00514291070473849
529,-0.004213616320652536,0.004439487794148045,-0.005465941035185828
530,-0.0021068784246784378,0.003943650589144587,-0.005797819860975162
531,5.513931084716317e-05,0.003280524293733933,-0.006311392769070556
532,0.001157800158111233,0.003056416629155345,-0.006800226871408466
533,0.002022531872911182,0.0024571897185348135,-0.0070281212581440045
534,0.0018874274973823546,0.0033730125611661776,-0.007707525429666795
535,0.002063540027743671,0.0037484314798159613,-0.007652962020887721
536,0.0018473225699631168,0.0041180111311935885,-0.006935529662135953
537,0.0008008810687005763,0.004272824759153693,-0.006240277375558545
538,-0.0008324630086213869,0.0049989932623515365,-0.006003683856355191
539,-0.0026048661197181078,0.005159564062549027,-0.005733047306635486
540,-0.0043273517314802445,0.006182323930740807,-0.005431945031595942
541,-0.005924624455846295,0.006375546527704223,-0.004818864182150162
542,-0.007454977558029152,0.005962014378918967,-0.004106512580103638
543,-0.00944078643600954,0.005653401406289005,-0.0035634648347744324
544,-0.011353746735770609,0.004033751264021834,-0.002877396409563193
545,-0.013500113615732223,0.0019189964204666676,-0.0029634075231310675
546,-0.015433716792424446,-0.00013329883801249665,-0.0035711597540113438
547,-0.01683531013935924,-0.000913051726032954,-0.004078482543056983
548,-0.01703836460315422,-0.0026748885916068055,-0.004327367019635542
549,-0.017213401058099098,-0.003095089015017871,-0.004507219458460332
550,-0.016537798764937994,-0.004287304496556121,-0.0045984394736929834
551,-0.01519142726692213,-0.004812186489779879,-0.0046857691491997144
552,-0.012886449159178248,-0.0053885642504099,-0.0042934205679194815
553,-0.010409931017082097,-0.004915617763370683,-0.003760544124304377
554,-0.00720754211914254,-0.004798216256821197,-0.00277623084200207
555,-0.0034500515711126667,-0.003963553927476715,-0.0019625834685090826
556,0.000507251943013598,-0.0037040958803742363,-0.0011679947290517134
557,0.004734541732527187,-0.0035747269121599867,-0.0005360884263291288
558,0.00825061261771498,-0.0022890879814225773,-0.00017778750554442446
559,0.011541637307710295,-0.0017275064337702872,-0.0007083989999153717
560,0.014747586890362263,-0.0006269819830171386,-0.0006494421674484441
561,0.017488823303755563,0.0006548052824153494,9.422077336296297e-05
562,0.020205473036167043,0.002849549034747323,0.0007764296189597397
563,0.020902527948482463,0.0043980021241176726,0.001317984266878236
564,0.021127478945208278,0.006432915597969657,0.0011603467048001415
565,0.01931224270845866,0.007979352142002183,0.0007364169485374328
566,0.016931712869267312,0.009790015332322266,0.00014473500267608852
567,0.014297445010212795,0.01127196199329994,-0.0005767585013833898
568,0.012368803582608223,0.012750582927754328,-0.0004450024982420864
569,0.008982931735631139,0.013773638585114822,-0.0006223633562698616
570,0.021061043812993896,0.001069968095994689,-0.005871467531955998
571,0.0015407173098347382,-0.01054596390256779,-0.010023261684369178
572,-0.016972009770669205,-0.022691949328341288,-0.013030892813219008
573,-0.03219944845485834,-0.033583957317694146,-0.016109790386052758
574,-0.04563024536169352,-0.04370660730234999,-0.01901166396991072
575,-0.05644983420224381,-0.051959912904264494,-0.020842689125762925
576,-0.06421374217836212,-0.05810546265199412,-0.021641435485828975
577,-0.06757214583235172,-0.061908887573536964,-0.0214464715597511
578,-0.06819328859551449,-0.06323260861868629,-0.020714467166086825
579,-0.06515425927944168,-0.06171448043955019,-0.019331056994227325
580,-0.05942015238474091,-0.05758205219445656,-0.017366458178425193
581,-0.05206734343434971,-0.051968841771391716,-0.015417810172254853
582,-0.04357357682858237,-0.04520179355999354,-0.012937414181706242
583,-0.034077013902158115,-0.03852823906015135,-0.011156780413672407
584,-0.024150852628718966,-0.030748571852701856,-0.009795970059641168
585,-0.013734336850918127,-0.02357771468726977,-0.008313580023170508
586,-0.004239924777242776,-0.015771513912932633,-0.007072011993712324
587,0.0039380995272891295,-0.007573357598611441,-0.005526841364880242
588,0.011629376735869446,-0.001718483889853628,-0.004494196796095529
589,0.017521510513928862,0.004325665347199692,-0.003977545506464564
590,0.02194518392417444,0.009629661298593106,-0.0032966983293398755
591,0.02518720664422691,0.013785143393374,-0.0024901890298958396
592,0.02812539600230443,0.015840331691076237,-0.0017035997537675485
593,0.02895540827647386,0.017112860876560276,-0.0017492529242149057
594,0.030004755451205678,0.01604932412400739,-0.0010569761959207113
595,0.02975580955728488,0.014329175009027084,-0.00043329551954274237
596,0.02892418703139643,0.01191083887049249,-2.5757840813156463e-05
597,0.02764319401704282,0.00927716551951252,0.0003179960356434197
598,0.02699324022617905,0.005955686415982209,0.000565714118101468
599,0.025016451010442836,0.003465580743079455,0.0002652704312082754
600,0.02386831995870703,-0.0003720429727229746,-0.0002137396483634646
601,0.021337152544937177,-0.0032196027047930453,-0.001216431212209823
602,0.018635253123796464,-0.006022247135584635,-0.0022180082381664246
603,0.017181800180593856,-0.009559735463662289,-0.0028960754631590646
604,0.014413415520726301,-0.012083565724841483,-0.0036672033612055177
605,0.01181177121178216,-0.01485238189280591,-0.00456210898436149
606,0.009289922928479771,-0.017251653703069136,-0.005668429103653727
607,0.0077372746588321925,-0.019677427291973082,-0.00658015755912289
608,0.005861585801763184,-0.020897559757803608,-0.008009063479575751
609,0.004939294833348779,-0.022050326601638304,-0.008530651615690887
610,0.0038358505270656724,-0.022354911853844195,-0.008436371185203795
611,0.0034388816391920235,-0.022305830759313583,-0.008276508228731716
612,0.003349687123919101,-0.021265036721367148,-0.007526217807847679
613,0.004044632651711677,-0.020309344777391658,-0.007047590022722261
614,0.0048827085821785965,-0.01885487527284546,-0.0068098266600054025
615,0.006440794684757237,-0.01823007845842639,-0.006606452470099722
616,0.008012080221443896,-0.016775650861941438,-0.0069318517855536665
617,0.009486667221657613,-0.014200994529214972,-0.00720269022241804
618,0.011066896922210245,-0.011073283860310257,-0.007712094026553595
619,0.012412930889371343,-0.006783899378175473,-0.00783791534038758
620,0.014004933534211679,-0.0027567846039604493,-0.007619328257803426
621,0.014639236054897031,0.0010587194474678263,-0.007234621722177703
622,0.014851013031426025,0.0040299386322757424,-0.006774426675852485
623,0.014320555433382218,0.00694258650556101,-0.006215267514082523
624,0.013632056331300296,0.009147129340165261,-0.005524337483634678
625,0.011864109609137682,0.011200419932284822,-0.004270513641961626
626,0.009478694950471461,0.012781618772241377,-0.0030411011338900007
627,0.006655054058238477,0.013401336017806464,-0.0025559441939109195
628,0.003989995280413175,0.013270758083992806,-0.00221947586573612
629,0.0008191150142044246,0.013546543444738157,-0.0016784352776504363
630,-0.0013547280011265844,0.012657578344092313,-0.0011981722517908633
631,-0.003575730591465459,0.011515498777317168,-0.001013460317714987
632,-0.005163397137687348,0.009793205608237043,-0.0005402196908816936
633,-0.005990402644479559,0.007689510747675765,-0.0005192028495792922
634,-0.007346233413297654,0.00541624687125597,-0.000815541936074915
635,-0.00844975242800547,0.003099268599976668,-0.0010085664259293914
636,-0.00936533541496648,0.0016058904737639157,-0.0012950585445052898
637,-0.009229278973890448,-0.0006442686817180743,-0.0012834493720834672
638,-0.0092176658608146,-0.0018212077328907395,-0.001098215949588921
639,-0.008447803233988915,-0.00328850813756687,-0.0012240614023524277
640,-0.007467601423915449,-0.003958866873701172,-0.0015359099894549644
641,-0.005953236817399649,-0.004592450157039352,-0.001686045912209888
642,-0.004666881196563777,-0.004661062451985165,-0.0018019856460038675
643,-0.003057852531528682,-0.005188629637128406,-0.0018502676334291035
644,-0.0016682321920294396,-0.004613919547754586,-0.0015901208126143374
645,-0.0004928312666080126,-0.004165715490660693,-0.0014184215561667823
646,-0.00030862224014271966,-0.002202922127672702,-0.0020710188106107807
647,-0.00038416308054306514,0.0004687739462485574,-0.002220716295674885
648,0.0002534824333551011,0.0019935490265663436,-0.002172429088294514
649,0.0005092187073981735,0.004754378766832046,-0.0026041638064189243
650,0.0008598195184877366,0.008059572914887791,-0.0032666444738103095
651,0.0006876389795457682,0.010478536983114628,-0.004268718632949531
652,0.0007458439704810527,0.01120688380500745,-0.0055442970366639255
653,-9.357056436087863e-05,0.011716548762214618,-0.0066514058349742555
654,-0.0006058098847517845,0.010763827807048765,-0.007509261900108921
655,-0.0019683693002919833,0.009885118118059255,-0.008227853395249562
656,-0.0039020990313837767,0.008267437314858572,-0.008356739136167857
657,-0.00557480876128702,0.006052356506290213,-0.008171404772316704
658,-0.006364720033184945,0.004090326355917995,-0.008034608001354693
659,-0.006930506132270475,0.002928744608617695,-0.007775676637436835
660,-0.006657116932215712,0.0009348797726884683,-0.007981763067548497
661,-0.0062133836539052245,-0.000917048766559736,-0.007949719160467383
662,-0.00531300067460716,-0.0026269399701155383,-0.007626892428219234
662,-0.011175910666215372,0.007935631757159278,-0.006583219373310412
664,-0.002280621630621482,-0.0047926932375144116,-0.006385236122993243
665,-0.0006307082206696291,-0.005685280835830309,-0.006128734246503731
666,0.0003008718860257886,-0.006380670233377961,-0.005955401776277736
667,0.0015261506500606759,-0.00765544233661819,-0.005757285604322426
668,0.0026726749578380726,-0.008554267974312135,-0.005552438765379364
669,0.0038490992036374627,-0.009792083647837568,-0.005477767582115378
670,0.004628771216080629,-0.010052543951371895,-0.0058576212619634305
671,0.005153324114431368,-0.01030091923456622,-0.006317589800186818
672,0.005289041010650974,-0.010021424259467837,-0.006328182372518976
673,0.0056788510080905685,-0.010261293589563736,-0.006301097899487518
674,0.005137892956399381,-0.009174349822325567,-0.00573261302042849
675,0.0045121935336115415,-0.008447406096821708,-0.005486652552310289
676,0.0036695512959606935,-0.006941287492306936,-0.005698094847274904
677,0.002315178524642303,-0.0052688726781466855,-0.00570379064772597
677,-0.004744574513397215,0.007155606666721326,-0.005004310500321019
679,-0.00014204512500426425,-0.0016986445221816027,-0.006309071451133574
680,-0.0015755452163190853,0.00017754563741512186,-0.006976055813940896
681,-0.0024535310705082747,0.0020640957048976283,-0.007326660112432881
682,-0.0026002379131447872,0.0029848928173332734,-0.007545238982979985
683,-0.0024074023040453474,0.004450187562005659,-0.007764670365062232
684,-0.0009405676107298033,0.0046511386374959995,-0.0077993740688382385
685,0.000766505182499877,0.004726687238706839,-0.007826922820128202
686,0.002855443802685098,0.004169672096896115,-0.007797659820041991
687,0.0048593892425307095,0.0026576846480891314,-0.007437712037007271
688,0.007191916401416143,0.0010651295769411595,-0.007428992714920035
689,0.00920168802026522,-0.0005190925735515384,-0.007643111956877835
690,0.011063825815314177,-0.003177889592664185,-0.007792642549451667
691,0.010760583091996345,-0.005005520558176824,-0.007723209710238876
692,0.009724937888989205,-0.006361505063048223,-0.007308304678051769
692,0.002777291763296108,0.003115779712163369,-0.006028563964488143
694,-0.0061570970613205045,0.01602262513633268,-0.004306539093127393
695,-0.013960157825718245,0.026674909417942594,-0.003136532899108646
696,-0.021823444066979336,0.03744618780460973,-0.0027675505668012246
697,-0.029096757132606954,0.04630756998552532,-0.0030625429838493368
698,-0.0352938590965296,0.05418458334473253,-0.00345359287154845
699,-0.03957226528461966,0.06015935844667897,-0.0033876292715333545
700,-0.04255708692610849,0.06435709977033899,-0.0035438685329240993
701,-0.043641257897345964,0.06578234331876176,-0.0035865994065151785
702,-0.042947352055318855,0.0642269705458024,-0.0035861044248912677
703,-0.04099736197979187,0.06025730968210652,-0.0037822151052642194
704,-0.03777705866360437,0.055673869010773314,-0.004039058206978696
705,-0.03329844773744162,0.04922500235685101,-0.0042297670693940415
706,-0.028438577867567316,0.04256536651244436,-0.0045719809376632
707,-0.023639037648637395,0.03555001371818367,-0.0047456206342137985
707,-0.03103165756347548,0.049147674293621435,-0.0049588167832277374
709,-0.012037731740627389,0.023537398470155235,-0.005234601842968312
710,-0.006796043628496062,0.019082536237037484,-0.005403502043739961
711,-0.0025053867932286478,0.015402639606507007,-0.005671986278976693
712,0.0019119935425047085,0.011543892168041803,-0.00587375142892288
713,0.005429232650653759,0.009262935838178388,-0.006008575565553009
714,0.009500724802745886,0.0068487637181033345,-0.005556443517570342
715,0.01186579741053806,0.005043536838260199,-0.005128255652136926
716,0.013125774151231617,0.003111574006623652,-0.004787263094767735
717,0.013844807622243938,0.0013985585177054838,-0.004400739441009605
718,0.014279786035137132,-0.0010164426937587234,-0.004218925494717585
719,0.012477065482913718,-0.002541643912762903,-0.003957416728869734
720,0.010600894823118545,-0.004673617078758852,-0.003568623514879299
721,0.007273442394655105,-0.006278608317167422,-0.0036986487696092363
722,0.004913720383685871,-0.008176750073583983,-0.0040269095524841925
722,-0.008393675596990446,0.00976804451076213,-0.004552750356325963
724,0.002276018549202119,-0.012166209686937268,-0.005177541865865498
725,0.0006557098726454047,-0.013805269784370078,-0.005157709119903653
726,-0.0005728715688299024,-0.014756833757841648,-0.004279627702416744
727,-0.00175979153640482,-0.01570665228111126,-0.003940926685962798
728,-0.0038685259741012556,-0.01498256391121,-0.004324800008817964
729,-0.005714189952597759,-0.01587911982765497,-0.004891098736246824
730,-0.008633597726123154,-0.015285143782122451,-0.005504823394054559
731,-0.01098192828189093,-0.014286014711265352,-0.005622208935560091
732,-0.012730586111628805,-0.013973996551094658,-0.005739460271424912
733,-0.013572938063866391,-0.015362846259912008,-0.005574921682115708
734,-0.0140183260542599,-0.015744666434380043,-0.004995470389239864
735,-0.013264949879615906,-0.01703885281490119,-0.004885737259473721
736,-0.011615927135980919,-0.01679434758928925,-0.004894638323191591
737,-0.009234968350994022,-0.016788318106011363,-0.004692954982744801
737,-0.007096297747277713,0.0006249646279121021,-0.004542439555055289
739,-0.0033643119285395873,-0.016080067873877453,-0.004736747244927564
740,-0.0004981106766849264,-0.01434854493200094,-0.005334480765265326
741,0.0016466151530133422,-0.012342405750612184,-0.005761644113103204
742,0.003792100668480902,-0.011563604584212767,-0.006537090797022804
743,0.0056182882472647355,-0.009607380836784737,-0.007231714936956735
744,0.007124228343807881,-0.008468878528713905,-0.008040199663752912
745,0.008371564174329715,-0.006758780493435493,-0.008821987281481647
746,0.009357256843352979,-0.0050374568893641475,-0.009272518586247447
747,0.010076991317748307,-0.00309798452656794,-0.009529712885722685
748,0.010576228947906552,-0.0011478873065170758,-0.009253919937814659
749,0.011021947894474082,0.0011957619305097977,-0.008986446742641596
750,0.011342514928445513,0.0029827422851116947,-0.008513428976834936
751,0.010738536686988764,0.0041845290421219095,-0.00803730770372757
752,0.009542434972987901,0.004883668170671401,-0.008083330919036347
752,0.008010033975695885,0.004503540685631552,-0.007591320600993989
754,0.006279798817512949,0.004080092298480109,-0.007150730379285264
755,0.004155060522598952,0.0035572383588944045,-0.006910005672094766
756,0.0018609332733648953,0.0028441824283585437,-0.0065667085586949
757,0.00016659429041987472,0.0021888300834785324,-0.006723345344817777
758,-0.0007601394011784723,0.002013890843306887,-0.0072598578065092845
759,-0.0010226220759890214,0.002286847424014221,-0.00776119337026393
760,-0.0012949791119735155,0.0023887584454651,-0.007471630763251191
761,-0.0012869353896357572,0.002507574701400603,-0.006962376026939943
762,-0.0008224374559381298,0.00289718907159639,-0.006852564081004653
763,-0.00011064043775477206,0.003088368642039069,-0.0069933924041153395
764,0.001410089982863738,0.002927351449790852,-0.006942836883562342
765,0.002827567553793209,0.0031783360023885515,-0.006923178402747365
766,0.004513005665997327,0.003082644320630129,-0.006773322793534486
767,0.005858834349504738,0.0021911113380474606,-0.006809461489255542
767,0.0025981066371759676,-0.0006879831027342825,-0.006747071699752194
769,0.006342088040892757,-0.0013770875835739382,-0.007605339813667511
770,0.006009700960320052,-0.003097758190607633,-0.00787097874845033
771,0.005568272806211638,-0.0046002752991751855,-0.008031660661245166
772,0.004933414244945089,-0.005653948246982773,-0.00811486907697656
773,0.003937092110783302,-0.006264371676584904,-0.008165507365913705
774,0.004067139339110515,-0.006454023929801128,-0.008058362158636423
775,0.0038547089263414325,-0.006413157993995361,-0.007889480258707837
776,0.00425379948322413,-0.005592533010818024,-0.007683083570451443
777,0.00499337460319782,-0.004059110809004937,-0.007218269020270562
778,0.0064893854661667305,-0.00300488707616918,-0.006682324776481785
779,0.007698055937386261,-0.0018362316430841907,-0.006119207417130124
780,0.009621280879164695,-0.0010914175134637272,-0.005820565698814062
781,0.01056101333461279,0.00024356955835835858,-0.005126347348134774
782,0.01158809982134712,0.0011302473791290346,-0.005118988767080168
782,-0.0022154978570352313,0.010315026140869599,-0.005257941520749432
784,0.012925166566615465,0.0019746273480631127,-0.006696399721576207
785,0.012514936868815552,0.002673291598268124,-0.007790575953708134
786,0.011945953762053874,0.0026650564874876603,-0.00891528394284613
787,0.01221729618342926,0.001396275236425798,-0.008961096371952748
788,0.010864119276975837,0.0003153764407537174,-0.00874757163424833
789,0.0103561334883564,-0.0019534172279034867,-0.008166462714331302
790,0.008830287758034405,-0.003842077123537735,-0.00753539772655043
791,0.006703548012707783,-0.006274094583744394,-0.0067686227349020855
792,0.004050494656950843,-0.008320438072304315,-0.006082451388619958
793,0.003282863782144707,-0.01014286046024332,-0.005902948609999181
794,0.001761127216347802,-0.011929021229166614,-0.005623163901409156
795,0.0019439884675582775,-0.01453416336542257,-0.005998573138218943
796,0.0012275519009719016,-0.01623497335707319,-0.006371398540365947
797,0.0015361258019501722,-0.017611003297548,-0.006536323637990282
797,-0.011100240309332765,-0.005374720141162692,-0.006249422760385981
799,0.003432462661421498,-0.019725107573292433,-0.006776070380884791
800,0.0041871556783985575,-0.02100439259638448,-0.006499046364766614
801,0.0047203746538262426,-0.021708487682532085,-0.005932562307054523
802,0.005997472563806561,-0.02280985342147307,-0.005543787407779055
803,0.0060663779355647485,-0.023187635494794634,-0.005505223692526817
804,0.007111092089860049,-0.024493364780351246,-0.00580125351777816
805,0.007777390808301199,-0.024071347694871292,-0.0059953142623007105
806,0.008572062471014608,-0.022740819516765765,-0.005816193282140336
807,0.008368969203239596,-0.021468662140805228,-0.005893133350779234
808,0.008118110905965814,-0.020341956370839964,-0.005868537048133615
809,0.006763443523782442,-0.01852276082971016,-0.0054064954936979825
810,0.00598906048497061,-0.01719886125197828,-0.004766543727161121
811,0.004460319414634872,-0.013733763283542033,-0.004392413556572938
812,0.003612809804782735,-0.009938206376193026,-0.003911874074006949
812,-0.006979944681956063,0.005862088424086975,-0.0032445694362940314
814,0.0037604807122444406,-0.002280585172930283,-0.0031592332073900886
815,0.003976810418106824,0.0017763913672342868,-0.002740452922230685
816,0.0050826459414383685,0.005582567593076293,-0.0025030973516109167
817,0.007246038380405606,0.008057766860964155,-0.002409188270293572
818,0.008932657230673602,0.010453473298575156,-0.0019219421485494603
819,0.010533520426092347,0.011118404150354033,-0.0011792235893645087
820,0.0111545954795913,0.011489169242209107,-0.001045097424850372
821,0.01147504772569885,0.010810878874780827,-0.0012120700976638865
822,0.012060874578290415,0.010118838796249974,-0.0015916055589660916
823,0.012741962632843551,0.008661146022770017,-0.0020111599232218724
824,0.012967935785480611,0.00793373603098424,-0.0021299035883608486
825,0.013205355161919563,0.006356210589069877,-0.002153145065419304
826,0.013120584406468128,0.005199094377041025,-0.0019894870941320475
827,0.013690641841187734,0.0043276813781552015,-0.0015069383254547875
827,0.0065322600815354015,0.014559255248696057,-0.001082738332903621
829,-0.006022457823013916,0.032062453234215194,-0.0005549125378118136
830,-0.013568773633647613,0.043280457329932354,-0.00042673293629702513
831,-0.02087446464268683,0.054375940236565334,-0.0006886974381684619
832,-0.02751068436794113,0.06406424319794957,-0.000812077196633898
833,-0.033975761624257084,0.07320140814649367,-0.0014738016128863496
834,-0.03868904160718345,0.079623913461487,-0.0024135431078529113
835,-0.04219135366128657,0.08394811439351135,-0.003000228529648652
836,-0.04410600695761335,0.08556940445601913,-0.0030109588716966673
837,-0.044645820804287695,0.08453571536839921,-0.002430493059467853
838,-0.04349471336359079,0.08133343092167655,-0.0017304137001991071
839,-0.04033278974459642,0.07594349115792531,-0.0011744863558265095
840,-0.036150213664412956,0.0687146970048772,-0.0011131892812346056
841,-0.030979020815733227,0.059503754639643414,-0.000921622137120548
841,-0.03124791643887237,0.055333069584330485,-0.001060500197643921
843,-0.01801956231192614,0.03889956832192687,-0.0003776699456926602
844,-0.010066860315603998,0.028868482371531057,-0.00050586748690018
844,-0.012096658858703035,0.028336242510573983,-0.0013541848081063401
846,0.004549040307886498,0.008812540422305948,-0.0012579646280487244
847,0.010265681274858718,-0.0005108701988190134,-0.0017060792941022696
848,0.014676234046568037,-0.008692616217408133,-0.002441780505992641
848,0.00542114822549955,-0.0022691772847476255,-0.00398429014649615
850,0.021560670050955855,-0.02078572507159926,-0.0029895484025097563
851,0.023852083094619836,-0.02435785445803107,-0.0022655618195090987
852,0.02549167893766069,-0.027440485326423403,-0.002183669048236192
852,0.00960584903139261,-0.011820218590232079,-0.003664064290464286
854,0.02315651961063825,-0.026342236018102372,-0.0025962046323884103
855,0.022154346885133513,-0.024804568265109683,-0.0024430340445816823
856,0.01893012629556101,-0.02208729689766553,-0.002587057253087943
856,-0.0011585536619063141,-0.0025134280417972166,-0.004598474681745568
858,0.011244453779317043,-0.01819297085418714,-0.003369518088094048
859,0.006261748068892237,-0.01571145976345245,-0.0036626060531238513
859,-0.013921113363648097,0.003230042613349471,-0.006066692905951743
861,-0.0008916692464675524,-0.012097722602712024,-0.00475518285788934
862,-0.003959608374406232,-0.009703713265145186,-0.005694931349310317
863,-0.0056900046286936234,-0.007585886561745747,-0.006463871497846441
863,-0.02157538899938416,0.009680077299570211,-0.008870250878280972
865,-0.006179430695008481,-0.0035680237379032143,-0.006822404003691496
866,-0.006023298053460913,-0.0013525913941758727,-0.006102515881151849
867,-0.004902871696832012,-0.0012914048313117377,-0.005631316081514459
867,-0.018472453288834068,0.01489814164717762,-0.007168853770350703
869,-0.002147287497376915,-0.0006837004574580252,-0.0049671430306863495
870,0.00027893755958041666,-0.0023145471751775393,-0.004250339857414964
871,0.0016507862775707594,-0.003471963779186904,-0.004066907518803342
871,-0.008469216189247675,0.010336562467814003,-0.005413868627359042
873,0.004384792031914664,-0.006500411724143396,-0.0034112901119689454
874,0.005478985431010219,-0.008048145277052887,-0.003043256526187532
874,-0.0005676454622207672,0.004344738003656978,-0.003479070943866791
876,0.008013707767341227,-0.013351279690419604,-0.0018978582492694684
877,0.008124665453998592,-0.015819501301633787,-0.0020547828324075645
878,0.006733339029652452,-0.018283265671592996,-0.0028456701263623874
878,0.0037806155939739128,-0.007577885880699853,-0.00398432180404984
880,0.002465128299461661,-0.0235150708453562,-0.004822399231325436
881,0.0007970056553188165,-0.024605315932676897,-0.006047655524775042
882,-0.0009124922705545657,-0.025859547919619974,-0.006794201975366176
882,0.0017873451868055668,-0.012963936624527772,-0.007612363969334179
884,-0.003983077154026127,-0.025589594692345008,-0.008774964026782683
885,-0.005230822410634772,-0.02528279971451486,-0.009365989823617138
886,-0.005892297250006173,-0.023618981629823343,-0.009510745106929841
886,0.0014911653293365745,-0.009546568698016289,-0.008161796711060099
888,-0.006355882212090158,-0.020693642347956454,-0.00856609672323061
889,-0.005485787924504049,-0.01917297998183054,-0.007958781791052028
889,0.004001912486758741,-0.0055186246561294006,-0.005968953246213493
891,-0.005119860379077856,-0.016154972284143643,-0.0070625530408374715
892,-0.0043398301106916115,-0.01456639920957259,-0.007335114341792792
893,-0.004161993158457111,-0.013235378044807122,-0.007298447033550204
893,0.005896905264292762,-0.0010799286547396036,-0.005592017675216221
895,-0.002900683241836788,-0.011720088792332328,-0.006951736752502047
896,-0.0019422572277441041,-0.010927486839041212,-0.006864197888249324
897,-0.001273896174225353,-0.01071295999119748,-0.007019773197892265
897,0.009321299851690501,0.0017205237242923221,-0.005151206810867448
899,0.00017442075902240894,-0.010165463588829304,-0.0073268817581545465
900,-0.0003560887010516378,-0.011629923726276026,-0.008208084304056507
901,-0.0006891392516541472,-0.012446784396163979,-0.008943865400103501
901,0.007488008794249934,-0.001628160654508326,-0.008019516059911469
903,-0.0020392437940695007,-0.015167932113953508,-0.010587969476751335
904,-0.0024679577945836417,-0.016081180344765134,-0.010953380808804147
905,-0.00283010167238662,-0.01633500777862329,-0.010757355272275282
906,-0.0028728905946375782,-0.01728372709674897,-0.009936435483438144
907,-0.0021096342965920556,-0.017432017164926927,-0.009298086841509012
908,-0.0017291542716943997,-0.016767269162983878,-0.00884200851131045
909,-0.001573771081815556,-0.01676333721612644,-0.008065905471426826
910,-0.0016350294992772962,-0.01578485572361532,-0.007099489860878938
911,-0.002492200761197827,-0.014379841371736868,-0.006426592286473798
912,-0.0032556315447405115,-0.01347569681845151,-0.005536534302230112
913,-0.004326157209940895,-0.012018756871525538,-0.004799218359509805
914,-0.005455632626639728,-0.010698496390503687,-0.004365120572260128
915,-0.006194985541119413,-0.010256272126158095,-0.003822625189047635
916,-0.007342286042812507,-0.00872688570304736,-0.003298455588496285
917,-0.008550278576259007,-0.007884863186919056,-0.002310735951459364
918,-0.009633716851025875,-0.008412962927103917,-0.00212930454141691
919,-0.010537549909551691,-0.008356976151644213,-0.0023468339764224355
920,-0.010744180137327808,-0.007813611006256549,-0.002318210346326288
921,-0.009550750098229255,-0.008525917727087329,-0.001797112468747697
922,-0.007654095822619,-0.007894179227202924,-0.0008996331402766344
923,-0.005647854159515964,-0.007603396516307814,-0.00030379170427530244
924,-0.00398366658361704,-0.008789353315296511,-0.00033140953832910824
925,-0.0023306700685230552,-0.009767893952381312,-0.00029282869917712784
926,-0.0006913351125137357,-0.011293428637933589,-0.0007121626069843678
927,0.0006757847244551751,-0.013857478262840672,-0.0015201470479465629
928,0.0011454993146950976,-0.01580641957155038,-0.0024371269007026353
929,0.001303810174298592,-0.01729356354239231,-0.0021904342859044856
930,0.0010782332580876464,-0.018691503339224314,-0.0023636267903786035
931,-3.124982390345643e-05,-0.019843321787934798,-0.0025182152501346255
932,-0.0011499073870075982,-0.02110187621386639,-0.0025385585557937684
933,-0.002618108532532304,-0.02354269906454154,-0.0022760503930268072
934,-0.0039329673672496845,-0.025211406245041923,-0.0022729981582796377
935,-0.005617694354361991,-0.02661587388619946,-0.0021574672250064264
936,-0.00709279085707637,-0.02768611100123408,-0.002105916343221992
937,-0.008655447406082484,-0.027187880736066594,-0.0022867469878560254
938,-0.010685734356687515,-0.026314074643357,-0.002627487773444015
939,-0.012866911421220983,-0.025408365397893373,-0.002746152867111551
940,-0.015034073233418654,-0.023273444323643755,-0.0031667632728560324
941,-0.016757677792603953,-0.02134255724933487,-0.004125686115294291
942,-0.01812713761147422,-0.019559208577019316,-0.0046597932469589765
943,-0.018215468066934193,-0.017213104088410702,-0.004435805317767549
944,-0.017781511863972366,-0.014989907078185816,-0.004862112060876056
945,-0.018087434461606433,-0.013667027229534945,-0.004960474824690753
946,-0.01750631505460798,-0.011708404249580973,-0.005232701449641164
947,-0.016564832981122102,-0.010202615458686282,-0.005636888262233519
948,-0.015856131699642617,-0.008989164832389651,-0.006018846691732582
949,-0.013355516788183586,-0.0073930741143257706,-0.005987553348032693
950,-0.010635635235575425,-0.005568730290891999,-0.006085715525866453
951,-0.009377067057706912,-0.004202313258709012,-0.006076399241794261
952,-0.006978663501427507,-0.0026256880125790083,-0.0063217718701813475
953,-0.004578939404408899,-0.0008189437426295854,-0.006705236123685676
954,-0.0038469326167482887,0.0003954742857130711,-0.006803041691916256
955,-0.0020237104746791967,0.0012212386169156986,-0.0066792725132953645
956,-0.001011162494316764,0.001897260484433616,-0.006055992483516182
957,-0.0022411701900424408,0.00236106006093717,-0.004867008651973537
958,-0.0025336599870282583,0.0023399736032496676,-0.0036491281094979122
959,-0.002561270957525341,0.002188147544914809,-0.002460887418991975
960,-0.003476581668264034,0.0021693330716696657,-0.0018944978594896966
961,-0.0034085785747959285,0.001802548942690052,-0.0014474907915218438
962,-0.0036310349575878753,0.0007110360915940639,-0.001362673926184943
963,-0.0048685491226971855,0.0002004916029565429,-0.0011687643471411935
964,-0.00503846488700499,-0.0008581035754002819,-0.001737994594825043
965,-0.005626045115054934,-0.0014752099099792915,-0.0020801620222499206
966,-0.00752033543963293,-0.0009645194143867997,-0.0015592937896435899
967,-0.007520462203814748,-0.0011820277393450596,-0.0012552884703638245
968,-0.007144417284739912,-0.0021044038799313824,-0.001287490158168092
969,-0.008008823755998762,-0.0030699110184180256,-0.0016288015098591124
970,-0.007538775838714207,-0.004788748192171344,-0.002204663451792932
971,-0.0066015747919248025,-0.006648779608340316,-0.002454126366917553
972,0.003069126726106708,-0.013809967846641236,-0.002409516200585937
973,0.020495941660529704,-0.0261916706155636,-0.002205144023304406
974,0.03774270070187136,-0.03798033499998765,-0.003033190268022068
975,0.05241515074030345,-0.04828127823077555,-0.004118577021202441
976,0.06537209123918686,-0.057675228827965164,-0.004988926048761666
977,0.07575797087358316,-0.06481584892138392,-0.005613681961168071
978,0.08302261341667849,-0.06909636438681721,-0.005952866094053544
979,0.08745776430198582,-0.07211792125246541,-0.006317587366245547
980,0.08829842580189506,-0.072975737553999,-0.0066724570364813385
981,0.08573218080912959,-0.07195101499837753,-0.0070138293154606846
982,0.08050656303196035,-0.06840852770399009,-0.006396144804357684
983,0.07320049199057732,-0.06299518286109818,-0.005103464778725142
984,0.06339111252966467,-0.05721346342198608,-0.003818891297397098
985,0.052753238988747064,-0.04946463835002568,-0.002660799944097958
986,0.0415818559501242,-0.04110956980030789,-0.0022193963618686308
987,0.03010113044226892,-0.03377813054971357,-0.0019904005957342985
988,0.01966447113458325,-0.025314283540729843,-0.001872221388302009
989,0.010198329582884469,-0.017914532177425002,-0.0021850112147268064
990,0.0021017797540143768,-0.012171076249579471,-0.003031213554851142
991,-0.00455653805554368,-0.005866739677197863,-0.004104165650674174
992,-0.00975514370759667,-0.0008795051298897683,-0.0048156503715017784
993,-0.014199897389750138,0.0014023138070373697,-0.004710792998060098
994,-0.01605108580300607,0.00353559163778705,-0.004765652115521046
995,-0.016272169612614684,0.003894420406018728,-0.004906364732050417
996,-0.01584510088810509,0.0020596680885396346,-0.005318379988388466
997,-0.012835969547612569,0.00045942626231898487,-0.005448968436906121
998,-0.009056784248425931,-0.0014609857069203258,-0.0052831697876460915
999,-0.006479008703933475,-0.004301185975013944,-0.004732771406845471
1000,-0.002816340094438763,-0.007525924764387071,-0.00392987847425208
1001,0.0009012748985377517,-0.010804207605807026,-0.003349529082102398
1002,0.003779894800651995,-0.01384475322900025,-0.003237586503858969
1003,0.006662705483877485,-0.015750650581934256,-0.003335393125848851
1004,0.008691091850238308,-0.01719160342262649,-0.0038054683519674892
1005,0.010014879090559203,-0.018649751729336028,-0.004580584156241407
1006,0.011964519128683904,-0.01879727158901101,-0.005700763922958929
1007,0.013276571679488258,-0.019013158522956708,-0.006517347126520079
1008,0.013363490091195862,-0.01931577829200437,-0.006847875686426308
1009,0.013543805343401827,-0.018640528764823028,-0.006659630941945549
1010,0.01340701976184877,-0.017703158785818296,-0.006304348993741993
1011,0.01247258540523799,-0.01720514796201611,-0.006247596501477881
1012,0.011944775214502656,-0.016437877450266036,-0.006728794863500198
1013,0.01120701077006303,-0.016261631595470227,-0.007165118850752439
1014,0.010047514241985578,-0.016448208811558285,-0.0078644560409733
1015,0.0096047416527556,-0.016270382687794793,-0.008290841009701566
1016,0.008577287242900633,-0.015702309766169265,-0.0077667528638663
1017,0.006616258302897915,-0.015292779877165152,-0.007240341696868047
1018,0.005028437239316785,-0.013724690189009792,-0.005841304017393467
1019,0.003754807949454042,-0.011280964960811879,-0.004748664040261419
1020,0.002031329875937793,-0.00926003910660711,-0.0037112081623096316
1021,0.00046296507445175994,-0.006942912011558722,-0.0025313225700818176
1022,-0.001041872328391702,-0.0046408050863804284,-0.0020162336719184992
1023,-0.00252982457463391,-0.003203034496969792,-0.0008863081352161739
1024,-0.003977766537896832,-0.0011979946777844752,-7.907854632849265e-05
1025,-0.005246656947805128,-5.866364071627217e-05,0.0004725171362121028
1026,-0.006269018091586531,8.298911305537615e-05,0.0007470488512700824
1027,-0.006855562317314656,0.0004599941322771528,0.0007763784881890112
1028,-0.007896458278590202,0.0008284461562553247,0.0003968622539668454
1029,-0.00919943686906266,0.0005083198230990682,-0.0002872961007210906
1030,-0.010350030439017277,0.0003124196333450513,-0.0011918618225640332
1031,-0.01183236691100531,2.285434901327932e-06,-0.0018489112099550065
1032,-0.013319995997455036,-0.0004716175750969498,-0.0022538786754856543
1033,-0.013870843916607423,-0.0005348399606739385,-0.002174175307702808
1034,-0.013920698959456246,-0.000409819160046343,-0.0017873473277159047
1035,-0.01465525394398981,-0.0007049904999307799,-0.0016125999563754156
1036,-0.015278335063731996,-0.0009193549547608093,-0.0011733182410798015
1037,-0.016037118124531125,-0.0011586120321482873,-0.0004386954135384702
1038,-0.017220616368498476,-0.0014898603754036621,-9.495376069212913e-05
1039,-0.016929629833094206,-0.001999233507625764,-6.0592861474084714e-05
1040,-0.01605027542087445,-0.002745130172665533,4.065472640746304e-05
1041,-0.015283192940028556,-0.003027030249191043,-0.00043076959600962805
1042,-0.013477430751263064,-0.0028003721475480248,-0.0005872159390677423
1043,-0.010750806516274913,-0.002198923583403456,-0.0007645566061650344
1044,-0.00866031642576326,-0.0019285244673299395,-0.0007312910250024673
1045,-0.005880921627362645,-0.0022553446881796724,-0.0006421267941661979
1046,-0.0030991182225179603,-0.00352500428415059,-0.0003142768106922933
1047,-0.0021513173889781134,-0.005551169107663956,0.000309945697906322
1048,-0.0004141982003316169,-0.008220949164124747,0.0007527113316945222
1049,0.000832265343545191,-0.010746315602619738,0.0009532624008141699
1050,0.000377988173485555,-0.012440011007733176,0.0011298483349674315
1051,2.9584409798610878e-06,-0.0132986619029003,0.0011398740950340214
1052,-0.0009213930619117461,-0.012954404409660558,0.0003923901640573435
1053,-0.0033842328180744286,-0.01195851618838395,-0.00045904248424655236
1054,-0.004555016747615159,-0.01058572701226046,-0.0016601094716226505
1055,-0.005434819989528439,-0.009055076367106896,-0.002702628065740509
1056,-0.007006389627922327,-0.007344476457469273,-0.003390586188272926
1057,-0.0073413206050347846,-0.006175419887612943,-0.003881987782140328
1058,-0.0068200815787410884,-0.00456919040324788,-0.0038225999512773168
1059,-0.0073460537921333224,-0.0023740362440434204,-0.004258881868452136
1060,-0.0066329315620690665,-0.00025777843574648074,-0.004495815623474231
1061,-0.005418128609160799,0.0014374777482424328,-0.004931874445758266
1062,-0.005782851377577003,0.002935903095893977,-0.004915730026651799
1063,-0.0050816221207479195,0.004195944343762914,-0.00442526837786561
1064,-0.003918833651027742,0.006343658314260203,-0.004202255942029165
1065,-0.0037940893437763967,0.008178893422811306,-0.0040257622990189645
1066,-0.003216670239807262,0.009377146522682178,-0.003915299158372854
1067,-0.003212876533322584,0.009830152471390186,-0.0036704948324843834
1068,-0.004081217301621531,0.01025946357508234,-0.003807664149473311
1069,-0.004044243155686189,0.010347360661240756,-0.004465991169318784
1070,-0.0037077553851871947,0.009702267055277325,-0.005445741785781832
1071,-0.00414562844510169,0.008645542010278895,-0.005841610366730476
1072,-0.0038462107838981296,0.006579196618220262,-0.0056126270538343626
1073,-0.0032283684639124455,0.004377668398633627,-0.004887687860367418
1074,-0.0030848827761939535,0.0024799577125587113,-0.004359019746706272
1075,-0.001827296831178854,0.0009829490607793367,-0.003936637304273072
1076,-0.0006317819040464467,0.0007401868621368379,-0.0034597333541521724
1077,0.00032816978400387886,0.0007351112983839947,-0.0030228073587370563
1078,0.0021530221248130532,0.0011947806665131289,-0.002309391476852829
1079,0.003113027537313573,0.001799439315159912,-0.00182543179906558
1080,0.0028889209569702423,0.0024323525205578456,-0.0015793737669507202
1081,0.0029398704781596063,0.003009962260844823,-0.00187150608792086
1082,0.0020488486947420337,0.0029394538952636218,-0.0027758718120729498
1083,-0.00045951968056934245,0.002085977340006817,-0.004129648002439756
1084,-0.0021000383757963786,0.0009558362043082802,-0.005141676994558475
1085,-0.003527151802397363,-0.00037773856061029676,-0.006192320865517464
1086,-0.006022276340640356,-0.001304528649747727,-0.006762356584153251
1087,-0.00792785116335,-0.0021476580668058354,-0.006483993855289416
1088,-0.009414901373774605,-0.0025009276235130606,-0.006319375915301739
1089,-0.004968784167392402,-0.0004586880247776648,-0.005234840114382688
1090,0.007287452549905066,0.004789576472498336,-0.0032288958197810302
1091,0.018849375033672507,0.010163051443888182,-0.001872648512648123
1092,0.02863638584460486,0.014731875053906052,-0.0007876930211738742
1093,0.037025969921520956,0.019096253161933863,6.168262538319702e-05
1094,0.04310343407841314,0.02259022875990979,0.0009131520085783329
1095,0.046203533197678996,0.025895825381608173,0.001493691409300446
1096,0.046797854373050764,0.028287066862895394,0.0020754970873246847
1097,0.045293726996718645,0.029456736415367946,0.002206959792515062
1098,0.04188765169307699,0.02987268243978569,0.0027779105675620475
1099,0.03685915357504914,0.02905121842866709,0.0026964189872384914
1100,0.030676770881811543,0.027417415016748325,0.00268378445550832
1101,0.024111616209232828,0.025168815963604096,0.0025520702839910703
1102,0.016518359495393153,0.02194407955531652,0.0020082579837710224
1103,0.00926275604488793,0.01855612671611162,0.0011001644996746496
1104,0.002905581792817316,0.01587349131337845,0.0005271615867377122
1105,-0.003256092086034862,0.013168962367642312,-0.00044766991577294135
1106,-0.009155530811925425,0.011125478594206317,-0.0014252330850055284
1107,-0.014043350060980987,0.010331185080499683,-0.002436119122663616
1108,-0.017948127138033614,0.009023881568410275,-0.0031564423959971055
1109,-0.02044870060064305,0.007785393389214246,-0.003953487107640319
1110,-0.021806884922388754,0.0074475430185487745,-0.0042556206460986346
1111,-0.022272554734009138,0.006418948017458348,-0.004247561794569643
1112,-0.02211545826984091,0.0050134558189203204,-0.004054016777966352
1113,-0.021504300843815563,0.0046355154936414955,-0.004345426672578201
1114,-0.020169317977370045,0.0029963143100792955,-0.004519308340763084
1115,-0.01786479868113884,0.001411397091857225,-0.004554185790079268
1116,-0.015186729014052412,0.0018934411161395381,-0.004703483333045266
1117,-0.011843211810312178,0.0018338065418403993,-0.004966277340339609
1118,-0.008514232028747005,0.0015380641122297867,-0.005316830845944143
1119,-0.0056829378956012085,0.0022513398467221,-0.0053258509188804926
1120,-0.002585445205929123,0.0014810606504931378,-0.005315898329468993
1121,-0.0004873346205150385,0.001148229600013817,-0.005616966815344959
1122,0.0008307121839182872,0.0022559024096215907,-0.005981914241257158
1123,0.0021575290011300306,0.0020934190332462244,-0.006417358930914885
1124,0.00320417214620208,0.002181325960123548,-0.0070195179948784325
1125,0.0035896640234286663,0.004078848669571755,-0.006980264763864152
1126,0.004552263069863942,0.004541192960219931,-0.0064526710435504064
1127,0.005430074725295858,0.005252563740724803,-0.00592680360721487
1128,0.005648472494042128,0.00767001968545733,-0.0049877760597074605
1129,0.005059757139463744,0.009359364178648022,-0.003179896538522131
1130,0.003170494614821162,0.010747059385796565,-0.0017347816452727427
1131,0.0007431212874091583,0.013065307403253401,-0.0010786887580098714
1132,-0.001520270791988361,0.014074929231803202,-0.0005867400232335562
1133,-0.003899022787078932,0.015351138657092145,-0.0004781619329634612
1134,-0.006184794154942483,0.017830305872445606,-0.00049878749028609
1135,-0.00803546076860067,0.01895598880738114,-0.0004572292204781947
1136,-0.009371665718189995,0.0199683202504235,-0.0006877142848215057
1137,-0.010465381811851332,0.021894993084258907,-0.0003879934629313908
1138,-0.010589226373752023,0.02269272322279403,0.00018621402035323698
1139,-0.009962591348675859,0.022399677130356066,0.00041215051272014414
1140,-0.01044591747839188,0.02224609912581177,0.00040653329254047854
1141,-0.011022160303094289,0.02069150558527033,0.00047480011880463024
1142,-0.011507994027205773,0.018990848225703294,0.00045922120113728315
1143,-0.012067313025166823,0.017828521782185636,0.0006443428817912711
1144,-0.012789923208461978,0.0156670525470457,0.0006217862930070206
1145,-0.01327601068776546,0.013587154253599687,-1.6031916709402516e-05
1146,-0.01422647981787925,0.012149025438806582,-0.00041714731928610416
1147,-0.01489950362850806,0.010365725567665462,-0.00025992586913181626
1148,-0.015156802031095928,0.009254446653100823,-0.0003027449440093921
1149,-0.015483290385824022,0.009035011578965024,-0.0010444837445848787
1150,-0.014950310121025712,0.007851081487207479,-0.0019455801674670425
1151,-0.014290008864874665,0.006141622017267201,-0.0021356125498912526
1152,-0.013572468712911345,0.004723526688389823,-0.0015114229394377343
1153,-0.013025049414614964,0.002883668074936674,-0.001349627533100306
1154,-0.012449318174843377,0.001734198050872271,-0.001284003876795392
1155,-0.011824551246974235,0.0015214755039403283,-0.0020985219044281633
1156,-0.010395779299927993,0.00041857510117271346,-0.002615395765537154
1157,-0.009239053236696104,-8.233250328704145e-05,-0.002336187371997145
1158,-0.008114990210505157,0.0010565070216639327,-0.0019015656237367784
1159,-0.006562559065776713,0.0017304322256652682,-0.0017826193279546487
1160,-0.00577955113933995,0.002405331554970136,-0.0015273807712345988
1161,-0.005734135002745,0.003999541182116095,-0.0016098535600804764
1162,-0.005550152812763082,0.0048008872482947496,-0.0018898721788588313
1163,-0.005739718800230775,0.005707151069223704,-0.0024604315810351496
1164,-0.0066930869474608745,0.007354204020402433,-0.003007191258801001
1165,-0.007376404524614327,0.008068715633347878,-0.003580052778662801
1166,-0.007860335332979806,0.008344590193269275,-0.004014328641260834
1167,-0.008503778792278038,0.00918852105612511,-0.003991534777831651
1168,-0.008734036397345352,0.009543489482656042,-0.003922097438030625
1169,-0.008904652995582407,0.008790738966034883,-0.004296234855303727
1170,-0.009585690637582384,0.008161311484139677,-0.004276169659489626
1171,-0.010044335772446178,0.006212336421855813,-0.0039177107059804595
1172,-0.010419090800805109,0.004183791463884479,-0.0036572828179151085
1173,-0.010805528527625508,0.003091483774742887,-0.003709378286371301
1174,-0.011209331628502572,0.002011986178483971,-0.0036588041958885986
1175,-0.011638804072975989,0.0016361599814151973,-0.003750752011048464
1176,-0.011666706448331343,0.0018139807458832369,-0.0033719553502160604
1177,-0.011475574405118871,0.0011888117359248884,-0.002873064486524468
1178,-0.01130307705623379,0.0002490133977295361,-0.002520674444350779
1179,-0.011325544166125079,4.743295367903855e-05,-0.0022817816578614147
1180,-0.011451296560861746,-0.0011474619108187145,-0.0019848169256801995
1181,-0.01208554999287359,-0.002718845741737752,-0.0014674120424748027
1182,-0.012858312804140737,-0.003685410072878037,-0.0010972257382574346
1183,-0.014068394737562884,-0.005163196891804223,-0.0012216279913541683
1184,-0.014740492523182158,-0.005783597246727945,-0.002119193631658134
1185,-0.01497013419595658,-0.004842439254215014,-0.0028815636627231855
1186,-0.01500354604463594,-0.004089800762394624,-0.0038503110577823296
1187,-0.014863028864505246,-0.00318665740331725,-0.0045644971457087236
1188,-0.014095564908599006,-0.0019037799031706992,-0.004816634586131907
1189,-0.013442813190417818,-0.0010065741923195315,-0.0047490525668715255
1190,-0.012532505138783012,-0.0006022151177225155,-0.004586428725494751
1191,-0.010936114130622343,0.00012695578466415114,-0.004319383298688306
1192,-0.008463184566689291,0.0007886957580531817,-0.004337653034755529
1193,-0.005349744819896585,0.001996154489910973,-0.004306899718061197
1194,-0.0014254989247697858,0.0038821068141066117,-0.00442629615288237
1195,0.0032107055505951054,0.005394373179812062,-0.004429732125361463
1196,0.007820587550903424,0.0066613105112196536,-0.00485123171280577
1197,0.011345008830864312,0.007714375190297051,-0.005022055023713667
1198,0.013858359118551211,0.00691709484567915,-0.004862603091202011
1199,0.016167019647014502,0.00495455457412719,-0.005100347247550152
1200,0.017899408590777266,0.003912886162958262,-0.005356207333647722
1201,0.01899617344221527,0.0024121845839319978,-0.0056171140635388195
1202,0.019627477269807098,0.001218882630409146,-0.006025092696072765
1203,0.01973425026896594,0.0011408227433118423,-0.00574673512353896
1204,0.01949788680433509,0.0007412175325298698,-0.00482965294610338
1205,0.018633586940351388,0.0003847296593588734,-0.003793205257430987
1206,0.016829110274446724,0.0008907094632939483,-0.0028993547467308645
1207,0.01445240974052689,0.0009658191568669983,-0.0027113292024831814
1208,0.011248910574932186,0.001724821738968485,-0.0027016385891063255
1209,0.00809105475376537,0.0031850789696231674,-0.0026363824340513986
1210,0.005059699036953164,0.0031542629484864193,-0.0027831665323969634
1211,0.0025152191132212787,0.003547008343993019,-0.0027572208310648882
1212,0.0004968942507456164,0.0046266635005294265,-0.002864048612956971
1213,-0.001292945470453194,0.005078930926251002,-0.003115602286039243
1214,-0.003081761440198283,0.005394477865249936,-0.0037054211838551954
1215,-0.0045589622832173105,0.005942572151943271,-0.004407722663336777
1216,-0.005849604211394466,0.006419386897894008,-0.0044673128402263895
1217,-0.006160501394516377,0.0075798823236403745,-0.00460103184595706
1218,-0.005972477960839162,0.010214731445181813,-0.004511559931976716
1219,-0.00550672468155361,0.012512169545823237,-0.004862619971148341
1220,-0.004944263433801471,0.014540531900710585,-0.005048235591186057
1221,-0.00413608372469218,0.016396601916479625,-0.00506652861946999
1222,-0.003158995625295924,0.016956631170843228,-0.004882399165080598
1223,-0.0023961306809169858,0.017029121576270234,-0.00487643803254878
1224,-0.0013523078990390347,0.017382153569396097,-0.005373681503042516
1225,-0.0003777412241726952,0.016111027750917994,-0.00598154716156496
1226,0.0008441175735587614,0.014011348523925715,-0.006333878552531758
1227,0.0011874947910036626,0.012721254090066525,-0.006228895780883481
1228,0.0014006699076387075,0.010105916871695486,-0.0065575744679398085
1229,0.001449856833974833,0.0074142868951185825,-0.006526589711164599
1230,0.0010393932140746187,0.006199563491746329,-0.006115586689458552
1231,0.0001288323067493713,0.004632430385125064,-0.0058552940142524434
1232,-0.0008697292844693782,0.0035328874917479602,-0.005814675227232335
1233,-0.0013474615204603635,0.00370274447119745,-0.0055293402393400415
1234,-0.0015755093383975627,0.003370600629335363,-0.004821256611562408
1235,-0.0016301203028459832,0.003942525434164845,-0.004520557413933313
1236,-0.0015136078013747722,0.006323170633673936,-0.004248574186881293
1237,-0.0021039166264683884,0.008246154109499138,-0.003766843128945041
1238,-0.002369019549343321,0.009520437690121675,-0.003210925945071108
1239,-0.0026710850086035243,0.011230015656802705,-0.0027872350672314417
1240,-0.0034271116247875655,0.011965316316118968,-0.0024049271548219897
1241,-0.004355814881081915,0.012642379116953428,-0.0019464753556239778
1242,-0.0047345176944130485,0.014247776982148297,-0.0018413046601343241
1243,-0.004568226178342544,0.01507255548508274,-0.0018676389796052906
1244,-0.004345234132604209,0.016349289002933975,-0.0020052917247568303
1245,-0.0041906884393508315,0.018413670502717805,-0.001992488912775481
1246,-0.0029920496344408853,0.01970641809221707,-0.0020235194861389916
1247,-0.0017953688812567536,0.02118168744095522,-0.002550547032201922
1248,-0.001243734087069459,0.02324573602758989,-0.002829334064015865
1249,-0.0010410626104863652,0.024092321762472835,-0.0029547058933369064
1250,-0.0010785796385429647,0.02535765480393365,-0.0026529352820054974
1251,-0.0017519838954711542,0.027029673710168844,-0.0028573479981582883
1252,-0.0027850132809361106,0.027159811875263395,-0.0034870323359533772
1253,-0.003837099698760116,0.026835586008849277,-0.003975825160847601
1254,-0.004851601407409645,0.027090586006019823,-0.004315943504338504
1255,-0.005516802058123826,0.026272253110254384,-0.004733345066959216
1256,-0.006263829824214584,0.024939380924413612,-0.005393905529473941
1257,-0.007099056725643815,0.02377043800772577,-0.005514948977957679
1258,-0.007447905858375403,0.02159924966478277,-0.005379476168998254
1259,-0.007687884245026533,0.019915168475773903,-0.005120715035390799
1260,-0.00821780535816019,0.019252599254164143,-0.005019320873343669
1261,-0.008200865745108865,0.017541570266515427,-0.004711553453403905
1262,-0.008578779348313637,0.015909761761029734,-0.004430634273791867
1263,-0.009734656597850333,0.01497796755960612,-0.004574272029781445
1264,-0.0102060858808663,0.013269384835650821,-0.0048557123185014595
1265,-0.009924472755276692,0.011083255565826733,-0.0041706678632535965
1266,-0.01005857591052789,0.009725120266159681,-0.004001452782733894
1267,-0.00998129116756058,0.007491934041509857,-0.004504749099748961
1268,-0.009933455015639747,0.005647678945751106,-0.004662882713600935
1269,-0.009934163045038247,0.005285040778571809,-0.004063292729460155
1270,-0.008794668478131651,0.004932000311379622,-0.0036544474799108384
1271,-0.007961893600423098,0.005304170445851783,-0.003706776062918471
1272,0.01547548874950988,-0.029732992613060283,-0.0027463400279736927
1273,0.02428748142154341,-0.04103373013383596,-0.002862164405381673
1274,0.03263105233264163,-0.05217380773659756,-0.0032492502678591606
1275,0.0397982925239348,-0.06149273106294667,-0.004197273721679551
1276,0.0463542996678174,-0.06938699510741156,-0.005753481579219177
1277,0.05167593249162994,-0.07468791054402045,-0.006956758774897098
1278,0.055420492731601545,-0.07808547484797768,-0.0072325861021798055
1279,0.05782067014685632,-0.0798206669413219,-0.007184969563560961
1280,0.058708596106548605,-0.07908143764564945,-0.006487823742224452
1281,0.05799072442126735,-0.07597973417641779,-0.005869579255675883
1282,0.05605784934266883,-0.07071658466439215,-0.0057568279517523635
1283,0.05319418400643705,-0.06404590673379543,-0.005509877442090194
1284,0.0499610821320185,-0.05633893336900078,-0.005166303424639529
1285,0.045816701848782504,-0.04758386642050206,-0.0050823421091035215
1286,0.040156116822462895,-0.03830662525326284,-0.004969601316490824
1287,0.03377419080449684,-0.02968422560735,-0.004647813524640609
1288,0.02682965918104646,-0.021310751997111375,-0.004560136672117965
1289,0.019490574807762284,-0.01376352881362989,-0.004239289065739671
1290,0.01287332813838421,-0.006544137357228787,-0.004254345564925988
1291,0.006810274485985313,-0.00045029669919315757,-0.004322272951611805
1292,0.0018092012146195824,0.004412905104961038,-0.004189274057593506
1293,-0.001822617352972955,0.009401004591711502,-0.0042932448175146964
1294,-0.004803857180717019,0.012800312804944324,-0.00465393928753588
1295,-0.006165109212146858,0.015053924935670048,-0.004795272288899977
1296,-0.0065242954392178976,0.01802426133869691,-0.004821385122274813
1297,-0.00561455040940223,0.018945306790325328,-0.004811098875136421
1298,-0.003222637125146144,0.01825528696406209,-0.004888130050723638
1299,-0.00010645366601891304,0.017820006462672178,-0.004942659717007136
1300,0.003411823143372017,0.015155061672560644,-0.004476328885682057
1301,0.007732800605078638,0.012296417338893556,-0.0039056859069590555
1302,0.011589829494475457,0.010482632174517809,-0.003949692454194187
1303,0.015276833116257271,0.007231415192285651,-0.004107419465907425
1304,0.018072758720391213,0.004429900402916187,-0.003902502737488267
1305,0.020087933109025957,0.0039029881936717414,-0.003143017994873154
1306,0.021643533948770888,0.0027886524943465663,-0.002379586888224372
1307,0.022833088015567937,0.0022163307797793963,-0.0014005270856528584
1308,0.023246902905663003,0.0031525830391925247,-0.0001680775992903838
1309,0.023151168741738004,0.003192079967690553,0.0006851272720618251
1310,0.022251504738950767,0.002919007299483578,0.0011182594593743822
1311,0.02076774038053547,0.0041216222311825645,0.0008347126169906405
1312,0.01899372752291789,0.004501392226243128,0.0006550726505342164
1313,0.016905873722685094,0.004854476194964874,0.0006174074822429265
1314,0.014209692707077837,0.006097486196873891,0.00037114735710952473
1315,0.010884686701821966,0.006706025415413153,-9.449626069724104e-05
1316,0.007485355760187773,0.0066602994162070495,-0.0006990099077082146
1317,0.004297033340284806,0.007785851230300678,-0.0010412718210455196
1318,0.001435091508759867,0.007963538722328911,-0.001241424658436463
1319,-0.0015543280044000851,0.007974736746373723,-0.0010795303620056984
1320,-0.004188419859051273,0.008898644841477399,-0.0016108994824328704
1321,-0.006279100404779858,0.009085069000310919,-0.002290333551075552
1322,-0.008401325415241967,0.00892767321371779,-0.0030505937948919204
1323,-0.01034872330552511,0.009297915438110982,-0.0031261267815907434
1324,-0.011346694545637526,0.009097321561347349,-0.0029576390986421064
1325,-0.011513742475351196,0.00917512205186466,-0.0032115003384263208
1326,-0.01142788682647744,0.00996245186305944,-0.0031257370493953385
1327,-0.010779154332951013,0.009011928393237278,-0.0030290769833292153
1328,-0.00977125242045579,0.007769386363535191,-0.003051394576371047
1329,-0.008842730381948827,0.007527026636330647,-0.0029294544755338325
1330,-0.007557872736650595,0.006546624993838623,-0.0028097541439164875
1331,-0.006135958014666487,0.0058850135488526245,-0.0029759906893620514
1332,-0.004819919146498097,0.006396243433914761,-0.0029598117443718763
1333,-0.0028013356804816314,0.006480167962035099,-0.002792897601042288
1334,-0.0007940930810615421,0.007449885150172975,-0.0028744513933534055
1335,0.0009783192508481253,0.009412480434319859,-0.002705136255063856
1336,0.0027580724886050456,0.01114355145026158,-0.002332348781955318
1337,0.0037029598534410457,0.013563232681183202,-0.0022206661803370054
1338,0.0037824478196556988,0.016667740708548595,-0.0021852667605357645
1339,0.003638346528420766,0.018968114770053668,-0.0020638391311966764
1340,0.0032298533108841565,0.021258638940339858,-0.0024202900624084034
1341,0.0022832404810725904,0.023292994373326104,-0.003220620310308231
1342,0.0008435402101494294,0.02440566570597813,-0.0037659714091466956
1343,-0.0003995149191799996,0.025329102108337498,-0.0038174942746960205
1344,-0.0016533490480329927,0.02653889037880386,-0.0035773315868321554
1345,-0.0023763022328321393,0.02641260785321231,-0.00329458660729931
1346,-0.002748271324364504,0.02572114195653097,-0.0025003967921186643
1347,-0.003058686096175711,0.02519922536631558,-0.0015559858697458129
1348,-0.003622596733356853,0.023307907920723014,-0.0003990971208251981
1349,-0.004505128449612095,0.020757084142835724,0.000108401164602423
1350,-0.00546511000926081,0.01941550210800924,0.00022363638417055576
1351,-0.006391967584211011,0.017589653997947763,0.00010528248950048003
1352,-0.007153605945053376,0.015487932463427057,-0.00026399378596475565
1353,-0.007319836260512913,0.01396171738427232,-0.0008912056268002289
1354,-0.006775442431260492,0.011708623729363765,-0.001630728814305371
1355,-0.005677024707307465,0.009567975520028194,-0.0017195145093757969
1356,-0.004068191896107354,0.00828144905026118,-0.0018037418382943482
1357,-0.002181084973378822,0.00662589239723177,-0.0017660977214362106
1358,-0.0007071883104713406,0.005608497561039316,-0.0019061209777897492
1359,0.00041949206740871103,0.005589946736625384,-0.002088059818515342
1360,0.0013629187569948464,0.005423281290255932,-0.0024661899717333124
1361,0.001615862486622821,0.006565709318957946,-0.002949633540950236
1362,0.0009751474412957872,0.008196002097733635,-0.0031572175144496395
1363,0.00040236511197644376,0.009054575129295861,-0.003556243976871487
1364,-0.0004760343832820313,0.009412494316891618,-0.0038015714413812685
1365,-0.0021111407547006467,0.009885249417595166,-0.003974587048512168
1366,-0.00411015300037737,0.009640017153103253,-0.004188378130286385
1367,-0.006197038396175303,0.009445715225279816,-0.003792795304382146
1368,-0.007853516950396877,0.010033734310370024,-0.0036097293149336407
1369,-0.009375571534917082,0.009933009742125298,-0.003253834547189527
1370,-0.01075550401049491,0.010035739904094898,-0.0028553200807035495
1371,-0.012042581242561745,0.01066286721637022,-0.0023394902202072965
1372,-0.013011934396064573,0.010631595327432075,-0.002093155746511921
1373,-0.013429110962259683,0.01027951843738295,-0.0020068564298519886
1374,-0.01364943047409084,0.010727426855995592,-0.0019111724665457075
1375,-0.014199414912532515,0.010519385245128854,-0.001790611245180429
1376,-0.01456791125834167,0.009964539123964,-0.0015873650691653474
1377,-0.015037070083900317,0.009551907715732444,-0.0015753753430510775
1378,-0.015019533466764323,0.0076127787280881876,-0.0015821680510760272
1379,-0.015070839535356484,0.00572179046992316,-0.001539664184536882
1380,-0.01476652664334438,0.004541437557739947,-0.0013485915708609797
1381,-0.014579652672586818,0.0026497311419972913,-0.0014439043196915469
1382,-0.014065636775673074,0.0014799977182253787,-0.0012705680325781898
1383,-0.013460674693970998,0.0027749296732182405,-0.0005871727609343402
1384,-0.012654149003571813,0.003813493363111542,-0.0003972359444546214
1385,-0.011057243534760841,0.005215905597291126,-0.0007061129962018242
1386,-0.00935477307219218,0.007742820310988829,-0.0007513371484063613
1387,-0.007229575723355031,0.009755263426747263,-0.0006882841894483294
1388,-0.005048934126223148,0.011612412355658464,-0.0008348707890706297
1389,-0.003112265607463527,0.013461805809913185,-0.0007282193684338134
1390,-0.0013217177805248115,0.014591415302163568,-0.000367788262473856
1391,-0.00029144101412903467,0.014865937031262266,-0.00010860731817896596
1392,0.0004906155134836165,0.0153559866587345,-0.0005715302130534505
1393,0.0015689559588304425,0.014718610092754325,-0.0011294884739169175
1394,0.003010283974687944,0.014601609867521681,-0.001427055091346885
1395,0.0035807656987935643,0.015119925897746356,-0.001517742582481052
1396,0.003531993946308931,0.01487120098996586,-0.0019462960375156158
1397,0.0029582086083884684,0.01383235350093126,-0.002062666644036426
1398,0.0022506181636308686,0.01347336665696286,-0.002508961172343227
1399,0.0012278381144694706,0.01218684544730464,-0.002381959865223715
1400,0.00011603596074027944,0.010921044098918031,-0.001997163463247631
1401,-0.0006909817496098536,0.011099596141451507,-0.0015198497178812165
1402,-0.0015936383124720566,0.010378415029692833,-0.001109212653539915
1403,-0.0019009648839716231,0.009750850944624467,-0.000955434288281598
1404,-0.0014667510883117907,0.010863690409828486,-0.0009288005210565942
1405,-0.0005156598473348151,0.011152195593940206,-0.0011484518092825802
1406,0.0006008271615962069,0.011612238253969176,-0.0010605232832754385
1407,0.0017186251083379234,0.01340165000696003,-0.0014141594603975793
1408,0.0030012943703054407,0.013754219037616311,-0.001201540737552742
1409,0.004685665234644365,0.014123333670999383,-0.0006977346491672254
1410,0.005565832310337693,0.015707196770329723,-0.0002181480273557579
1411,0.005091718660322375,0.015475998266311075,4.003238981797885e-05
1412,0.0038732980880938905,0.01520796100041033,3.272523200315014e-05
1413,0.0021956454857384733,0.01557510661303052,-0.00019326507699335416
1414,0.0003797792281360901,0.013931294819738094,-0.0009011340492781628
1415,-0.001306625716773202,0.011249114279304084,-0.0017061967166718262
1416,-0.0022551124554309743,0.00910539273134292,-0.0022267600029430845
1417,-0.0030644756571750476,0.006042114775182128,-0.002521306469319917
1418,-0.004132895343516241,0.002699731262332028,-0.002483945056745318
1419,-0.0047139709394122264,0.0005525135197612663,-0.002484359763587296
1420,-0.004842568736163677,-0.0020716729323650984,-0.0021338899877625384
1421,-0.0046025900376685525,-0.003890570653720893,-0.0019022913675605935
1422,-0.004185450940553559,-0.004813064296583347,-0.0014948815383704073
1423,-0.003011234092316739,-0.005271946290293483,-0.001067881202970744
1424,-0.0015948653440153726,-0.005697065724774575,-0.0005710228878348378
1425,-0.00011800342833362398,-0.0054570037134671345,-0.0002597193304272327
1426,0.0014415741051468367,-0.004481776301276108,0.00040433535027661893
1427,0.002344094079396397,-0.00306821943785196,0.0009746284936482663
1428,0.003184577295673008,-0.001685272820884709,0.001239349055103589
1429,0.004113628563114702,0.00030863776576794955,0.0012799895446359288
1430,0.00484005920878261,0.0018358175246353525,0.0012629760695567205
1430,0.005350505003746675,0.0026794413846746856,0.0009064558864576577
1430,0.006390041831991433,0.003140684560149598,0.0006213453677164082
1430,0.007316008617522574,0.003393756348618604,0.0010312265009877475
1430,0.007740217446200015,0.0032674235033514076,0.001303668803854685
1430,0.00838834455516746,0.003704048282641592,0.001387524406105678
1430,0.008983937331148328,0.00416730737590143,0.0016108309989489866
1430,0.008918971694079958,0.004316130467369117,0.0016711154287941676
1430,0.007841249760194402,0.004713644562503783,0.001059445344921972
1430,0.006162092892149418,0.00545793968708197,7.162433887841768e-05
1430,0.004536066055455201,0.006504240377900317,-0.001091871577672654
1430,0.0023991020357087,0.00788280583583667,-0.0018489346233856452
1430,0.00035227091850187353,0.008780954437267452,-0.00175139327733298
1430,-0.0014589265314476907,0.009641404229336237,-0.0012136892516168007
1430,-0.003369887051435483,0.010507201832527624,-0.00044852914368243013
1430,-0.005766211374650998,0.011348564976389586,-3.5961135099293884e-05
1430,-0.008544342520949544,0.01260404074024657,3.107022620874034e-05
